{"file_hashes":[{"block_hashes":["nufbTt4UUeoAXgaDjL00/m/7yktZS8r8nz2DNqVl0Hc=","x2qn4/RTj+iYLpEsacgGLbJpyk0vWuPLyPVGH3Lp/YI=","d+FC0s6f7hEOtx2IOzPuA6DtRNbv5lZ4Uj+xbXZQBW4=","9j8joNyiq4Sj1fI0zVqS1+plhuYIjMBvLekcKG9yrig=","ojFhEERvvwypJc3+NacILVieVE9yshs2y6rlBceR63w=","gyi/2PXi1gq+c7BGgoizXyelghVr6dSXco/Miz2raVg=","trde/HB4DoO6ODTSF9oFm+Ccaa81P/U5gUB684i7HPI=","BGDP1AcNwCi5Rv2fbJ0COa57uo0SXClr+8DYvLSz6xs="],"block_size":4096,"path":"build/52.chunk.js"},{"block_hashes":["Lv1+psRm5eXD7TIpo42KUoitLHYAitnGNhLucqMcosI=","BKrTUJ9d3A8O9l6HE+5giG1vQT+hYucX9vHpaKsRZe0=","GbyaizdY01jyqsmX97ayrTegL7RGQqhoiBcbdamQS6I=","Lx+6wZ0KFkrhtsFtoU2XjdA1ZwzjKTIWIdQSHw+gfJ8="],"block_size":4096,"path":"build/backendManager.js"},{"block_hashes":["JgcYlJJdo7KwF8qS3ycyeLr88+L9DBJ6hRJpI5jfmyU=","9tEEBHw/ieJDh8xQufXgVjPoo7n9R/LChhz55MXNhzI="],"block_size":4096,"path":"build/background.js"},{"block_hashes":["teLvd2c77EE3g838AWh6+BexgcCvpuarjsfAU2fabZs="],"block_size":4096,"path":"build/fileFetcher.js"},{"block_hashes":["pQkN/aMLVeCIxYr54VYUUjUbjM2q3galuegXG5olWhM="],"block_size":4096,"path":"build/hookSettingsInjector.js"},{"block_hashes":["tmOygdur/Nx4jmi1nW9LfjSn5LEqCdP+M3cNlfyMOmY=","mW91BN2M9FjkPzmWcREA95CQdiw9md5Lx7ElV5GQyN0=","JAl/tyLxx/DE4WnGCPR/0oBr+AMuDPLXtfKyeVCYrbk=","dnNM90Hy8wgSbKLQu9iYlD2C01eXHk2w9gI4VfBHbbQ=","+h2phbblcF3sjsQ+PjOTNzfUsSU6AFQJA7lnOyVTCjw=","MvCS/C9Hvw+UYkcZOxQ/ZdXkR1WZMESwov6VNEb3S40=","jhzDgmTSmj9meRdHbCMCsjOQFnvU6iXDLMY7qFMFPD0=","eUfzP4sMXF7gZweNUWp4dPFPwetSeWe/5iZlGz0e3iQ=","Kl0vf3Kp4I6Y/ticzc9EZxuXPe3OonFYYWOa18wsJ+E=","/RIbA1k7Re0Fq6BnlrwZ+dQg2H/CWXwKpgzbsj8w/9U=","7Qi+kSxIRyXqH1T3XjneKCQT4yYcro0dFS2wanrzXl4=","HtmqVES30OZJIEyqzHehRr9rtCyfenfBuG4iUiAiSGU=","ZcI2cgISJSu1Oy2ZK5dNPEKBrmJeJK60Kd6EBd1/TNQ=","r2mtwtmcOdCvp05ybJDtyb3NkNzH/7twLfIWkY/9/Ws=","3BgfPvP14AA5zzn+UPsFGXSdiJfSyF0HieBieH4wVXU=","AFOH+mav21xjU5IJ5B/0fEmLDHdvX1djkixmjbkMOvs=","Xo1gduXLRz1iMoZOFhiWfpsm1+fjFkJ1gsbYzNOnMrY=","7udn8G4kAH5+3KbmtBm1QWRsWChsHp0YMhGNWwYgrwI=","LWiQ3ASzo38XEbBVTAgJpR9pcsJJQRJeMXJ2YSITjOQ=","zqaRNWHfTAsECxvK931K4n9hZumt/fIALBNvPrs0+IU=","sPvC5Grn8Tosx+uBoyH0LgZK4X+uL96wJwcG/MnIm1Q=","tqP2xxi9zNxUlWFJ9gAPKS9g2YpYLtadjEDp4pbTLwk=","tBQANrmrel1SGhc5EXnNy0rK6mvUbU1EdxkcYM4CwOY=","1Drx5EEt5JvZ7uQ52MAPMh6ZHWP3C56zZ5YHcu5oLLA=","XNmKc7o0Hu3p6ZCAELuTptVFiWKUmrVSfZVd0EEkGKU=","jUjsRwkM4hh2907d8fhqWJOXe/XjDZ0+gNV2ZSlNoxQ=","w9RfgfnZE6mqUwWpfmfp1bDHZiJjqWi/Phl39WN97iQ=","5X31LouB64ovMLwweoCXe9Xwf2i7OYOYxmk1ctBB3qY=","o1ZNKTXCZ6klrLsgCvWVifzejPRUSN2NF19vM1BeVXo=","kCmoyZjI8S7jIC7eQldA4XSia0546Uh3gXXLsRNGd90=","tksPv2S5Gb9A+grGiCILWelzgtkG6XsDheiCcpLNflE=","MHVWoIAVLYRXb3G8Fsbm/0KGZPZ175RNCTkVlj5Qvds=","7VSY1emq+j9GERAsf5Zyk53Imo/155YuqMLIRKTgyIo=","FS0pip38u2B2IdEj2VbE04WI79oRoZCSyAoul5JfKVg=","yYTPXqGSPaoxWMeMrhaOVwvChe9QcC7N/O4DtWrAQ5c=","gfyEHa/BKOf6bWOykIHNurCyCVTEO81SZj8bMAbTLew=","MY8wo0Yr82WDaKiMHWd8/QhrNwRvYzeMHux5r04SdVQ=","9T/Iy69rSf9V1YtfAtZR6SYyOQ753UuSB3NOQS2VNpk=","s9PfnyYpANr5QhK+yrX1YriQQG0EVN6XTYhPALWNL4Q=","+O0LUhkD7Djd6sQV1qCBO3q8f2dhjRNG1oyMbPeqH5E=","yoDJUrahxdEH6mz4EHB8xR70GPfH0tc7jw0J7qQz0XU=","RbH9Hw9Z4DlqirYikARb8AmdOFV/LE7hkLSbdUtopmc=","8uCHoRFK2oJIrFYOw3hMScRE7pXyz8J2w0TilWP6zw0=","vuhQpxCgFo3HHFiasqDFpGSNK0DYT3YCtx8nNM6kUFQ=","9FV0yFzCaltalp2+UW4PrEc6v1V+XwbdVMI6HJT/c6E=","mMooNwI5BKy/t6UKD6B92dVHASqz0f0JBNti+TUkCrY=","CPRn7LrhN7qo0Ec/n2on8F6dOcjso5yeQjfUI9KEpRg=","QkzwjfRFxnD7Mbglicaudm7o3IlpWUYMizvyX/Fye7Y=","rSIdvnp4yHR6IEtic9rBdA7D+WVXbzBjtxmdwhywse8=","VIm2jqbr6u2JiVyqXwiBb+9hf10PWvpTb4k9VG9Tzks=","LftVSWPykp+JOOpXlWQGsMPfMRKDCeIS/V4pynA/Vdo=","7AAx3rBpVTe/MTgG10DS9zBBdrzG1va74K/Z5x2XILs=","GHdjbL3qEQ/hrTOnJ0QSjipmrlemwBYKYzym4Lh2Mw0=","FRnycA8FXuBbVJpjRHZDqddAElbQtcmNM/fL9+c1OUo=","XB8PX9Z9TMry8iIGsx9fv8qN8HxfSoPUWITD4YrqTuY="],"block_size":4096,"path":"build/importFile.worker.worker.js"},{"block_hashes":["DZ0pe/Ih+t3/mJjz2wD2AJhnqX5QIjwsF0VWwOckofs=","gVnT56vWNjQOli4GTik2YgBkTpgGxMz1M4kjFkFyBgQ=","EW98/zsCmKFx+B5YoIg5X+JSZ6xeVw5F8ZVbmB1AdIw=","S8j1jHWC7b7rLAorqdnKhmM4tb/vHkKajz05a79mqjk=","6bz6XAt5/pMBB1rW42SUt7LyDPHM9oSord/eQdlvkSg=","MSBNwr2TAQmxRWPID9KNlIvkzDSUTUFzWzX4/I5pNDw=","eQG+SJEkobLZ+LnT45onUcN26PDp7sq86YzfHsQNtjU=","K9Ki5HCcpOu1PMyzdb/hHeQP4eT3zEH25TWSmDtI7mg=","gCR0ArZnBnVkpWQ8VzHJxY4cfo2Zx++hChZ4bosNg+Q=","V5kB74WEupkx2SKNs1C6IwCN6XR0qKhjinqvyCrLxa8=","6tc6n0GyD+XF5tN67gzD9+Y4B9Bj8cCIrFtL2bDVHyc=","top/6LS/ASOUF+LOqlIRho9DQT8e6k/2igySHOv6yJQ=","dkkAROX661HN+n8VU+ZweXaVrP+bogwbWeaGebThTas=","lhaGMs7ZJy5SxNMxRdK85NQbZlQgMXI9y47zkYpoZgg=","BmRfFjDbsDamBxUbJ8sHBjV/92qk8E2fGDTl15hhkSo=","YclcVzUkrggy0lsRr/7GusJNkex3nrgM64HB8s5Wfok=","Izm0AT6dkROUbP04FbkJ6b24k/HQnoiGRh/Z4SIAE2c=","CHTotqLjriKwMa8kalLE6VEmiVwyJdqTPWZvWA1NJEA=","qcHEfSOw+RodzczQj+gHvJ33e7WS2IGN3ASci32ajtA=","E6i+HH8VocWs9MSvLr6qt+F+57KjFxwd+EC4QjZ2LbU=","lj2HLS2YSdPN336Ec/DBe2GTf374lgIq56SRAx2vgXc=","DqjfEOZksSpOWNPx94hZz0HW17d61k2B4UvJYlcpt7g=","S2VDMNO1c3Te3fCb86S95xwdweZ/4VukUR2q6zPjqts=","bVa2VT6q2Gc1oDO6/gMOz8eg32O/Uuze5b/pep+Ph14=","WRzgkpVANXX2MXBY3HUlAh5XIpyZHM83Oga4EmIaiFs=","X/YcFJxqU37lHnqd6sQzERua5KAQMDexFpJ3uhBn2+8=","X/npGJakIRx/gMAhIL2kqBlDwLZKs+9TmI0DrYEsAaY=","fMSLQHVqSRDXppj5Dva7Oc+Ng/HcbBXfB5BA5TXEhR8=","xqbLc+Z0IyPVJGPvN8pQMMDyBbm71/u3Ax7d1xs4ezs=","882X2z3TGkQHa/DdHAq0QGcql13ZeCHBV183J3gJKSk=","Yj1xMES8p4ph/Iwe9VAlMulGyPF+YzbXVFq1AOwaheo=","rKXO1BB/Fr/HljoGRiKuVFCJZrvnv6WpVL//KaV7U/w=","c+QtVPf9wIALE5hye6TDZkqu9wtwRU+4quRIdJgS5a0=","e+mQrdLqR13C5NB/ahmaF7xLwLf7EN+oQzzSiRUxIO8=","F4TJcm7SJqsf4he/LOl/UJhOx/KrhwhHxxKQmeqMjOk=","2LaHw+hehUXUwUVOg1FSmuhHF8cDElfdANFjYzKdT84="],"block_size":4096,"path":"build/installHook.js"},{"block_hashes":["F9yNy8l22Su2xqDBjdWrFtfP28rt073YX15eqq/VBwE=","p429zbH9wZITZi8r6MzNxrRO1q4JzMsyTFhjSlkDYwI=","scaiM6xD8GEPxc6NfMnG1JVVSLNZDI3z1y3skNUiIs0=","NJyusCEILbTcwMthbYYOmm7Rd3LqV5bouvyShDaPX5w=","VCwVUOdeuCBMmsiM6SX1tv5d3IqkN8teTYyT0Lo13iA=","3WoBWD108YfWI9hK2wBBBAo6JlxkSXLGHgVB2qPUpcQ=","zikOUIOBhmNZDlkDmAgn6/GuQkjxIYQduInBplTUt0I=","jngFAG2f4u+SWKm77/tzyEp3rKgom2y1okdts5Na8SQ=","lc6qUcF95acXpqERiv/ZueQ2P1ZxYQ/AOJF8MTHnKvc=","vOe+cCxHosIdvW62k7UAKBh6ANHd0SXZKd8L4vCcy60=","/inwMMTvMpykyvnfaLkpWwrjGEtklThLwcpnxwj28RI=","1gaDHFzXjS582K1t3UQ5QwnwSq6kB1Jh6jnDWOmyv5A=","gyHLnelC5sStgtYAJ2GoEgKHm+z997Zl9hLMrwgNTh4=","h99zuBg2/0U2ztitIZu0XYamlafohYyUcpeg1sxM3Rg=","8QVijtq2NjZoEEo0Km1YnmLcXAFEOG9ovyxp4bQbD78=","PrUyuPfwvH7SMXUYsWQs/C6ajs8KfpfiJNjv1/CgXdU=","/+PDxK/AZY2fh5YQZGvWVGmy0iy8SEGEOQUJPrGLeB0=","o/ZjWUywpdSkP0iUK5iCbzI2BQuL3gl2Maf+JZr++Eg=","B2LoTXFfHoUwhTI00AbsEEbzCiOgY1BXoKRgktaNmpI=","H+HnK0o9la6VZesZyV0GDpAcg3MUdxzItxx4J+MRfEE=","j4lKuFLy4e/qkncTk1BsiWe9C0FwO7TRRR1e1I4dxp4=","kpmLKZkyO1z80SGz+YQVun3cmk9kIt2A2xajVSflu6M=","VIICxd006nzathDpOUPWvPhqlxW4NDAExoDhVXay5iI=","GNrufQjr5g5PsYAEG904/tUoJN1IHt9PPPZfzQXxj4M=","imDQcjpXcj0/3rFJCq9gqO8DSV3RWbI2PaVaxi0yr8A=","GvFk1ERfKqN6AFAZ2xODH9+158p1i3YzliYbKQSsLz4=","FcICz5JLtx3aUFViysw31ogOeXHOy3PA8c2Qlx3KxGE=","IXp81wsZkw2jcYq8+DezMwDs62f7UlAFqSZ3ZtOTELI=","qBxsUdYhApJM/Heb68mwz+NymkoGsvYbKisaHS3JrnQ=","OI2MGHnTF70Kv7MEanUtOyoJ6wN8dClrq0WOJskIVnc=","86T91zE4FkxWZyji+xfw/qU/xQw2OMCgdPgkP8v2088=","NMAGVLe0NpH/g5DxbNrNIFf6fsNoHSd1q4scqV8qSs0=","TYDofVvRTudkwlTpKo29BSNCEiAuNypk622mCtnJ8dE=","CHixPpXjzC/meHaFv1eN43TrezMMy72y2LK5EvLa3NM=","rrffqsQp0eWLcHRFV8LWQQBN+gN+zmDxVwsoEpmZUo4=","Hzyxv0xTafdJ2uBJFzWBL2hgVZ9RwNG4SQaM7l2dvNs=","yaA4isdCbjSk1TWeuEApqAVC0IKBpzXvDe23sFwutZI=","2qFop/WrX1OtWe7ZYLg2XU3atUyOU8cqO+QWJylp9c8=","qDwU69zGZ7WnIP9Ad8zZTDeZmfSrbGJ7q5ofvWAWz6Q=","wvUaQk9TsrYXR8Z05dxkM07AR4zv560SBZNG35GyFw0=","Ojm418RDH54sD2mv/ZETz6r4zhWtwTS35awEWDrE82I=","6DfnDf6VRLcH6y1onpzDDYlK3v2TQrWKzXGIIKYKmjI=","MCDwig+9zBiGoBc2jGzf9p9WtMWpl+GLYWHtD+LsOPo=","POXj070+sbqsUFbhpcXBs9z0kGJxemxm1fEl/50n2I8=","ARgrxNBRql06VOf7PnzbLPRiO1ZN3ZRSKg/sFjIxxwo=","SqLsFXgA/4Mp/k2zqJlxafLOCOqItlSRMseJpHBJ5m0=","S1rv+UG2iRWA+XB+PbDQ9lfgBiwS+sT7mCni11YmC0Y=","sjMT7XwdRSR3WjzymOrlBdPXBjxKRDivN+lGSkqH9Vo=","eURad/VtQpUi49chS+VtRvNGkWiFR5QDLx1zO3l4Cb4="],"block_size":4096,"path":"build/installHook.js.map"},{"block_hashes":["rp5Ke+CnaJtoqGrS+k684N2Id4ed7uevkt/r+rVo90w=","tWDyQxjutirf5FZA791PEu/TcMzkLAIWVT31PxJUbKE=","a1+XAgYtIbAFb0LCATheoD8Yr6Xs14t89CssdnTGz3k=","76QevfNXZNeDAftWuYZXbOII69mbD92sWPQvqzBE64I=","7lRsQGUXPjccsD9F3Utu1kY7pK3yZEy+2syl2hBjnSQ=","4HsRY9P4zGUlSmp4OGrog8mXIohYYE4OilSegHs9PkU=","bMXB5ZzdR0QI8hqYQTRlCtOyjJ3A+aw7ogdlujNMcos=","vHgGjBOmNo5RTMSF2TEMyJXvvqoI0n5J8gkCJfKjrJQ=","I8NQAxR0PpRO7BoQwW9uQzA2H/8USli95nNR5sM2IBY=","79O00raIzWwWylLv5ao3Xf6x9Tt+IAi+oqqw80aemag=","xzv9XDEkcUc3yOc+hkRAdI7DVhG/C5uKVvTKDUP6vfo=","w/ibOjUvy3H1zHnpQK+ZPaYORDNln/2tOlKCLbTDkqg=","+XnS7Me7KMK03Vd2HTMHHFHC0WFhE5fFoDYtUqJS8L4=","j/m/YUyqaWnxdlvjBZchJ5NoRMXWYxj/JrmDzZBVhKI=","lQMuVH1R6D9uEB2g2m1KAWpAoa71Sh3H7r/mffWCaKA=","4USlLRck1P9sPP7pBihXvAnLK5EKV99ZfFOkzyYntFQ=","ygMRI3GLO9C/5d76pKMlk9aBEs9O92UkyVNPa1hSiLE=","tb87/OR4sac1oFqIBLNx0Po/DjfGp3bpe79z1+Qax5U=","Xt9eXDZQtJ6GKrpSxxdrz7cM4ukGReCGEAnPNZEa0M0=","+ajFeOJaf5jAhEMUNTimzk7KeaxtnoZ+IZuZ9+iz9Fw=","c4zTe5O+xXZ7GXgP+6rLjFgFWD3gvFgHpl0HIsUg7yE=","hJbFqGxAkHbkziLBihTss8UnenUxN488yxOYqzdTq/k=","Z3fST+tHxqy1GBb3jTT9HE+WMQrtiJRKy7XrUuiFH1o=","k9+jdr+Yeu/hKaKNEcaTwbU4I/ifocNNAPbstfDQxk0=","1cDzNEs3WdpYKs3Wx9zueR/BwmzopR58sH9WikqGqXs=","iMoO+3KMgiaKpnDFtlhlFfKdqocppX6cpH3BwZ7A+k0=","h0GD8PyBFp36lkksL3eBwE4A+HFkWiUrsOnhE2y537I=","MR5lp4CsSIGsFz1bHneEkBzyu4YfdUg/3P7tyZFwL20=","H3/VyyqmYuNJDsB8wJLdTOsqcEneFKNJDy9ClxdQERc=","sDUW/lBjF2iHeyUlz1MTPO6hHZg8B+GnrKGeb7OPxxQ=","EdyPyUQJ2F9ub7oRRhdac6t9k/Afd0Y2BxovoI3i+3E=","R/4SV+gGBNx9TUzRd6u6dubAOMseAQH1IWYK/IpWe7o=","kHliC48XnE/0QCGyMZTG66C/dd+OgxqXgViC++hgpbU=","j9SX4lwgu4aZx4jS4g5lHzPl972sZJSJe2fGC80mo/Q=","RYMtf71yILERWW5tzGC5o+D6kaZclcDBTXF8VslHgg4=","SDxr3YXbnzg2VSH75ikwGEyzBoQeNquEEas3ubwZygo=","O/8svRZGjer8uOd2HJt8rerf9GnslOANFmHNHVMaKdI=","eAf7zFtCLAJCqcnK7aG9zUStlTxrKSPOgOlHnpxgxtc=","bc5D3IiPjOZlqm76eh8SHwCO45gbETdwMMsv64Y2rZA=","6YgUygGWlP1Zm74gPlBRBeiRzAhokzR1FUI5kvYFKwY=","gG8tkPL88ruhqCl/11dvgtcxDvWnxV7i+qSoiBrIWhs=","pODBpen/LAmw/WNdBqRoiuzW+oxDc4Ww5Z5nCRRUFvA=","JKfUaaqN+EBbFNyat8cUMV99rCYVJI4daIdWGGbApK4=","qur6QZ5KxvDcxaScVKCCIEduApGrHeHGuYs7Iit2Dxw=","v+vSJENKExpfXUn7rxMBuCVIHHToA2i8EKqGcLe7SPQ=","0RSSN3wrJNxE6QWdq//YnSofTl7tcFFtExc7NwAHBHw=","xJ7F1oP4IvB11XqVd2V2Wnt7w8alummh2NB23JbOqqc=","Ty1giQxAox+mA/fWJ7Hw+6REvIsK3rYDqeeeW1Eo7Ts=","C5Hin3dlMGc6i/ls+XULiJkw6Yk0xP5FHAvbmRkyI5w=","PnRmuQ9g6bMYPhZGwbH6anj8r5uFNCC0P5iwcjbu3dk=","jhYbzSLUXZe1+tRJ3jIn94lgUf9TOHGyvEZEmibgPCQ=","lObHRx6u+bBGG/KIEoLdk1b1R7nSo8LkGaEYTMESYhQ=","cfNxmPXOkrC9+YH0cDYTOtg4RKSu25v9UEkt6L+eooc=","ztpsQLY7AdPxKpvB/rheDyxL8UeUwlPCegxiGlLRoJc=","BVoTkkDH0ybWaNp50aP/BabuG3m5Jm+0xkS0aGlzhZY=","ABLNElOwsYb45Wsrj5Pzx2+zwtltV2ipaITnXXgm8hs=","iB3nTvyBC7XNRYR8Yf69z83WQOCpR6Wq29FH+10svUM=","q9o6tgIOlooqIWY/4YDEXrh52rfCT565tFCXqlAqg+c=","loIuzSh/bJTP85JDbfqrNQ/ygHNqTYeMwVm/YfRY3xw=","9MhkOnZ+nmNDsMgxyoPqW2CFVMWtVfJXjLouMoIIt2Q=","6agWxKERrpi2oACuJK4xGHb4q9sVMQFVEQqJVoRKrtU=","XKWeOfnxBafKDt6+vBhND+BnJsX49ObYx5Pes2D0LK8=","F/tRgJOz1VgKs58YfQM5QBNp+O4xtmEb24feQ1sldyM=","r/YXjJyvQSvkkCdxHDriRqgfyYYLdAdC0bMqgWUYawo=","aZHEsQbDrW7XbHsOjJZquJ13n6/jbvM+Ej51jmMLhhA=","zdFhruYWcaODrHT9pm/WzfFZH9cY/ht5ltmKZzDQXdg=","/mckFwligs/E5BuYc7NdtWn5KDwp4btf/6EBoj3FYmg=","owJxlWXN15d8x5quKzRsj8Vz4E2fabF/geM9WXkY4PQ=","j+n/IXvHzbA5sjlkuy92iX99VUfoapCvOH5nmvBDNV4=","yHNXzXUrEN8ltyJNmNpRd5lL2WPZE6imp9RMVHs/NZs=","rwU1ihqYNVVFPGh+b9bUwRGmB6xy1i3cQ5obB+BzwWA=","5E7tQbbECray4fRzilD48DfzEsZAWFdMxzE5m7Swueg=","7BJQ7s3ui5WaR3r7YMxWgimimORFhwzz2zRyKTgY9Rc=","mC55aUfYAQwqii4Zbp9EOCxiahGyS3pemgS0BmNT/xM=","glRdpiWI59mMWtDKn/hM5S4u/LawjkVVnl/+wCqeVx4=","+b3F1dL3w80KnufQO+oBrTYFi2Nvc81hI8MFc6LFSYg=","opFLDuAhMXJ9H8TJqhJDO6Tp2ILE/1AfLYjCHD72afA=","RtjMSxfopGgyrQ2preO8xnhCEaypMtTsGCfEA+LnvYk=","sCF30C8ZaFQu1mwWuzjKbaG+Tp75u+ah1xKB0vdNMfo=","4RBonwZHjnyEAd/Sup6/SJ5aFF4DHZtiuh8GaBIw/Bc=","XEOq8jiklHsPiAAAdLE0XAZXi2n9KccnCj/s0W7mAt8=","KRqMpDBkbhEO6hmDC1GRaeEGU8P2AR5K0prBc3bmjeI=","6X3rfWf8CQoZk/9XNIHcMC+JbZcibzzTTIyhDlY5fao=","f/mY2j/vkDZ8iYQpdiv5wAsBK2T3LOmph0FUJD9iJ8A=","A/eWlaiA/q0HR37YOg5iqL40PnqNao38sFn5CYI5OKI=","qwsHCMGTrqFDdR8KB/tFQT3XfTHkj2pJBIXDf3nnTQE=","lHeHkB/+FCejdmmpfDC6XvjRFq+i3dpGtGfnNr0B/5Q=","ZwhadzbNnu/kjn7RO8UzTnXUJs/ip+Zyhwyg4tznNag=","COcHlUCp4sqfNh+M76bkFZ0TMtLAJT4sV9WylpPa1LI=","YGAd8JCKtcfGSwx1hiO4/5i61vywVnoFqE4S4m4wOSM=","ccSNUo/2qE5U2Bc3g81IFXr357nAA6XD7qWZW3xskiE=","HnwVRk+PwOdz+7Hv05p2mYw9Pw9PCmtd5QznOK9EJ5M=","629CXTIjjKWKsKXBMf7owvyi0VpCdDt9kS/EOocoSXo=","ilWAavh+pF1O+6JvRlRuJzARbAeoEqCgedG1u9FGG4E=","0q+8UzKx75Kln0CXL20CtY344/pIexdDirV7ZHe5wuk=","gRUZxAskkoRBF+293nD234vfWYaVBTanuwSr8GDQ3L0=","AWIt5LF51Rg8JsO52nF+YDE1pW4nC/gxjEQSQ3n9cDc=","tnZnbLu5s7wu0ZnW8r0cRVAUflW/E/iqSWhsJYGgYPM=","BCbDRHATOomoBAQLD8SreVidiUjwL98MuG1sTFM2wok=","nk+5aNcx+leHMVcY9Nm+5qhYZjFvojwGKHAxNcw3WpA=","x19iCh8WjptZBKeCeG0iZaUF+8eKukA2unS1qZGi56g=","qFumLe79KFBogejshNM/WGMz5fZj844XZizPkxX4Lk8=","krITjoYcqM8KfMthk4YxUsVnk8IsEzcBAuQ0q8eyqSM=","pm/6ejqfmDMsJgs/B68gF2qggEuyAwqu/L/P/dTofpk=","K3lN8FtqkgINoOs73MDEdesJDdebw/bMh+Qwg9ZOt8w=","wlXI7m/Kj/l+GR6zyON3lrrvikpV/BuJ/xG8HcBihHA=","ga07AjkyWU9HfhkUsVADGpu8VNhFAtUX7ErDAxMApas=","fnrMUnR0GvzmMWc3bYAu9SfWstXh7jPq+YkrVv4JWV8=","qqGOv0AawK9m2FLpf/PSot2jjZ7ZtQEzlU7UhRbReAo=","rf/MefKG5hsasYuKXrP7U34v8qER2kywmK6y+ff/yE4=","YATmPq/JI66cXkGL/8Sn8a4OYK73OZrzhWkPMwzrI9M=","POuxSW+Ap2tFV04dabvzm09GOVi7smctMjqawk3t5cc=","cG14NST/rCfcruytS+Wun+YXeOhUxcqKtJr+H3/OoEs=","xrOm6SDOj0MqfE40F3QviPZ+ivXo5vVY+vEhCfW33/Q=","Gv4f+70EfZ0aJ/dLu0SOjJRShleA42W/zK+JUmTmru4=","NtXaZ41MtrBm8mU2gZzwXADUCwe1EjmQVfbikUAzlA8=","0kw78w/XlpY4BmGX8aS/w+LXE+NGP6IlJmaly8+v3rM=","K0XurnKfhLzfuhhF8tynFbKixsrAP2wOTLFiRYVu8/0=","bEMAnjta3jhuULx8bQZFMwqFJuGoST/o5cQfaw86i6M=","xoYXvi4Xwa0vbw1o03alp/WwB/YLFPoEufr2q6G1Wzw=","CU0bIy8YYYSEqIR6PKnmOgsUBKNaR4u+dQmsnF8a70s=","T97GvR9sA2DTh7Vxd9f6LQi13YTjFpJ+adRtlR+oDbo=","KpOwB9yZVTFeD8bKxDbxibZhLqBjJRBQFlKPodESodU=","gOL+oULVyLrg4061Ou/fxjiB59z0JRs7KUthmG7Skng=","DZ48VslQ9C9PffFe00UBJPtz8mchMcnvcHb3/Y0HSm0=","pxFVXWQ7ztYfsje5TbwU/mR9dkt0jS17Zpr9WgEo5Tg=","fytgchG6a7QEjxMxKkzYv8tIJvoz1LMp3lq5GvqznXM=","kcknKsjDjPqAfuKmMMZF1TPdHsTJZpX6lNlFkfLts2Q=","WnvOW7E8w9KmUqpC12gE14cvCpT+2R5r/Ce5E6zBy48=","SZGSq7QxukVnJL7mHuAoFpJxS+gI0RBJBE4oEiKKDYE=","XlmTbyKjS3fKdVsZFz6txux5fJGztgPP0QNx8K5WMbA=","qVyj3obecHf2NV0WwtTaGhoA2kKaCKkyRALbxUKCRx0=","Jy5jRvZvAKuI7kkCOIVqp61Hfh+FNkbEd66GqGVZM8c=","NniWfZXJY+My3pqOZkFWi7yvg3K0Bkz2cjTW4R3q+pA=","ktv9QDAd5jrO0q4Ajg7lc3um3H0yyzaHXHhmyfKVFtk=","Zm/vyrCh+qUy9beW52Qh7bC9KYHg/tUeZXyDvpqvHQ4=","RqOH/PaDkkuuLMuF7nPvUoRDvJrxsdlGJ7sSjjMBVhc=","o/gf0tHePdJ7x8wWwIZYHtPPfpqwlNnzVL18r9T8yX0=","OO4u7WefhcUvSBLdl4De9cGQNtFUjS8lFp5Td6akSSU=","CEKuHdntzGnIqKzyMQw4V9XHQwMYEfn04QOwX+PlqJw=","r7a9XRNJuNn8qiqxPWGD3rdE36xcGDzY6f3BxrTSIos=","IaT81VOqxt+zvRcuZiCSRLnUd6vYZwdT1bmRg7P17D8=","g5Gk2u+OGyN4Rxf3npfN+cImm1tmUVWQ1hBaJeeNZZg=","1hB9qqhsvHpvkHygbREWO8b6CCyIqQ4/tVDUfOphv9o=","5yR0jPJByMGE4R19o4x/Ww1Xm26SDIOFxsrgYSHelrU=","m6BM0dCjirfPRyeX30wcgIFOrYjl+i73wnvCVvhzfv8=","o1CJFz5KO8UqrgzxrUat97iwgY4fDFyvfLtWZ9Es6UE=","lN56IJaFIi/CXQmVjgQEQhUs6Z5igGt2EWsfS3VMWsE=","2WwodV3IrFcrTXTfnZe0EsnghVQafFvf69ZziDyKacs=","ryjP5J++7XqAz8urN4JR7AuLKDn4wjdFuWw91wee7vY=","/5o5o4L/HH9JKoBln1X9k4A84EGP9Qvt2lrshoWH1GQ=","9FR2GpGaW/6WBs+O+dE0Gg2hbkpeKMAKLTRySCMCh3A=","lu69tbcKmhAnfWezltZMh7UegXFZB2utCXu63LeORJ8=","KgmuTWek6qj4CQ+oyM+S2arjl1Uid+ofmRoPKJVeuE4=","IPGyqKyIuxZP38B31y94HjO5DMCOpzOIlnbS+xSNcrc=","UQ7ZaVxrh9oM5J1DbuNInNK/Yz8N0MGx0pggP0fG9Fo=","hFN4FGQtVqVoAtGRmHzVCJdDhlx5l1JaPmTVCGQnPRY=","hyIWLLYjiqMqcAvguhRQ/aLTHhCd2UnL/LemUNgwFfQ=","t5gEL8iIl3i0SsMD7U7dvs7KCVwM3fAbHVQaJBmGl7Y=","TmlAEt2QGxPODsVFlUCJVjKH5a7UyQYZtLXOXN+iz2Q=","hbq4WlwU5BqGrXA7UNDe4fdIk/EjNpFLxuoq3NOdj3s=","B/spgW2tAey+BRsiRK21wNA8Y/GAXStBpB2Y9XHGVNM=","CYj+cAmth4oVobCXh3h7jqJjBqglnpUUBDboBZUBlvk=","VjHJGa4XfaBlqEp5D4O+WzHmas4RS3H/6pcvAN5EDDU=","egQl+Zd4bzcV7fgAVof/cXpJe7HtZM2XxZ0SA32GCzE=","cfxg19YEaFCt/SwQimx8cwrtqHmANAoe2o8d3kb7VwM=","kC5VjYfB/nIwi6JabzKFw/abcuxnPo2dIONXSsOunz4=","+1KMOL1TylN1KVFdh1VomFLCkB5oMIagQV1fAWKpFPU=","DtzcU5NFG09OrncrMR6Co5hZdyJKxpxyVfNXPw/ouPU=","cyv9saJVStxlZZPH3lnEHwGrFJJAx1ycDnwgQ5hH7/4=","OBty57JgpXzs+E3ROj/ciZkmWQrQJljDEooOpG+QY5E=","RVNrq4d/2RurO+y+NJ2xrNcAUyhG07yqsrqazUda/o4=","zsSRoi+j5PmFI6EdVOSRlevqTnO65ebEN7trH/RMqpk=","yVWGCFRaUdFm94r7L6sqbTegDc67EPuEiFlr65g7amY=","fw/L6wdTTj1mKi7SMk0+nAh4l1LEih712CAYvWnqv9A=","87TX0FL0sSI5IfzcvQu+XEsfF3UD/cqC3GwlRNDobKs=","GqcphhNFvXgVapAU9XsQD1ncTvDxQayJl2HIPk8ycSE=","a4ARWFJim/rKdwUyvq5G9MKlGgFPBbXA00ZyDMNAm8E=","ochPIr2mEkkQAao7VeCfiGDr11dJJ3+Nv2PBmGEX3ak=","nGoxYIoGOx+Jn6i1hCVRGg7g6xbTprZJX1sQpwJY6Dg=","DHg01wKcMx0JhYcLzMjj9jWdDeoEppXXkYajeD9Ia+Y=","6lESHI88Lv3PucSX+0+pd0KRABtLMxtAAnUplbFINvE=","1DY2FAV7CVHCbx8Oa/g53kwJHEoU5hTwFHVapHl6DrE=","1/vG/yq0RhSdoaYXvlgELuWM0QiGTZbeK0NRUXA0tec=","L5r4mR/C3w8kTsux9iYcLgjzxTz50uBU8H3O0LFR2/0=","PnneAuhlXaU/rO9NqslOMotGEabxghURnurq3GhNgMg=","FNoQC9x7LZCSba3yJ0rm7AxbuHuGBm8YtDA5Ne7480U=","tr/socQVPT5MSMGCp+R/PI3vT8nm8XJKc/v+rSJcE/U=","G0tvwzpOQS5vptvS53vF5xUjVUxmSdeduYDHoME39I0=","6QOay0o9ypduqleoy6LBIIYTfa9paFOWWn+oGZrRS4Y=","iAWTTtpB31DhLYO6PMhKIdwVWmb1IwQrTB/0+ERWd4k=","r1+OBLhkPbb6pzrVziLrL/5YQzjoirgerOqPDmPIuy0=","1qkmex8GojvJRqq4wY63jMlUMgUmPG8vqWFata/WxIg=","DaE4BuWCsTRyz7xfqtKDUQEIi3k/BQegjcKv365zPKc=","ZPjnTcW2OONv3RVJcLN9wg7RQN0FFrY5lY+wMCOpXC4=","+CczfEDgEwEXGZyovkb/EyuKhl4almXfGUFNq9OemLc=","s1MglH+o+038HOAjDSAW39J9ZfXjz5k48qyVc31Bad0=","H/+qFRHL8prEled3kJpzPIHwmqpNAeRBRMtcST1J8V0=","PjUPi4VAMITDzkTiBRCTWy0IuAYVfND0nHDyOIuMavY=","GlioDScHPCCcOuuySwyINXDoQ78djS++z6sa3uAF4Bw=","5ClPqDLXO//i0S4yPzGFNdhJITQkKddcP7+Gyiy+8o0=","w7kRRbhLCDYur/QSO1COnZW7oHA4GGj29I0QlnhCkc0=","YvgS/xMupzXMaXdEtx42369B57j8unVt2oVvYSueL3w=","CVS0OUIc5tyaglxhp4bUFYlP9+WOTXEjeVptc8D6c9E=","o4Cf6JHk2LZg3W0MuufNfINKEwDX4HceMxVph/MEgns=","u1/u2s/KyR+/HVj6xfDxFzg9PLMl3AkvEflkMLoa7ao=","zmplivZEa8PVENeGsrI+fEfO3pxHlRFT/2UXm+Zp6Os=","j2w8M1lO/pLRmIKQcbaLEq3gEcbeZRYid0lt6ouHjSc=","VOVibLNEIE2Rm3GSZzK2fDsQ2o7pWxlOnxmoztvNN2c=","FpgUJqmA9wCzkbL5+U0XV+Y8U4kg8E1MdAOXevC2yz0=","dA4E+bcNi2X2kCl0Lo+JHsTSEw7vbohPvB3XP9AfLHc=","KE3fM5f6StqVleR2fB+fblsHyehlXhu4S8X7MRWP3Uo=","2Wmyu6ifly5vg2pnS3eDAAPaDoM34ua217xftPgXPto=","7ZEPZtK3gW8LohlcfiJvtni+ksJf0R4miNekBGoVr60=","0rII7JgFkGeMWK5LSknvMijqNpqLKkTXT5woaKciC+o=","U0KkciBMvB19Uus/p2tKMh+q1wVVlsCz+NlRNp3JIO4=","zvDDA5UUe6sE606Zv7BM3tMW614Qyb2d9rZp6KwpNtU=","i+9BF/41DqKYKlrRyVes7x3LKgz/RLNw4qVNuhR3YVw=","NjN+F7vp51go84MAU123NuDTaQwCoMoDSzHFA6+fx64=","noYGYEAmJzcrnWAoaff2UqIThb5iBRLPunoob9e2zZM=","xkoSM4OeUAaKaD+vV3W0t2FSag7N4LITTsc9GPTbeZ4=","2Dvux8cnYRJ0FCP1HQBJ+Mn3WYVuz7COPYhCwTU5yBQ=","Nb+n2w3bO1lly8P+PZdeItKZnxICNknI08RUsywreFU=","P0SGhX8Ooa7oQ579yrWLipnb/q39Z8ymOC6SvSU425U=","rkJbDrG8o0zGJ/UNWduDfWKEHcpBYdrdJS4PvUMdC0A=","0hcsDgk8y8UlpeaLPuoxF1IHXoi89qiJa4WIg3Hh04M=","vXew2pGrUmy58qMZZiZL/gvQ+GC8TTqe0pXcpXwZAG4=","/ILzqXm3Friih2Eg8yvuXQhBniMeWC9jAidH8DAC4X0=","635cxPCFwdOePnx+Zqx6Smu9jkIEPGh52VaAvyucfy4=","wJikuFzo9uz5JRF19CRtHrCSMoqDwXHieN4w/2R4cuI=","ovkYDT41AwwzOkIAv5m03yPNkQhYylFXpX9OlQOGzd0=","bvgJPietr9DDXBheFJb9lYd5UEJrs5bU2SXxXUQF/pc=","1cOpAvmtLldvtRkursBQpACJNckyV2HiUZaqZMcQRtc=","nFbe1cUFHbrE4kI6tSRo/mZtgCh3QkClkku1rWo+AJ0=","qBXEsQY9L/jl1W9/T5LCM5ITmN0UHqpdTbTyiYBxetU=","u5MXKgBPkSjKrBFlwzQenXcFzyEVtH4vzz6odMOpKxw=","a7sTCmf/Ww5tkIntE20ZDDjBtG4k/Jdjj+QJmVhLdbw=","Ga1AzdgEB/TmOxqkdjFO9MYPjHL+APpK0jhzaJFHqvA=","S2vVToBzKWuC13UvE+Iw0h4kkoH5IY1xx0SnFQie6DU=","4SV9V81NFyRx/riZT7QFwy3DVdRA8fP1Zn3iBrSTXXc=","42LF460N9KMQdsHvdQdxyrWnSrnjqmazdAl/VGgfeiM=","SyooBdA//S9H4BGIsmBSHBFj2bAALupYcMxNWxiU54s=","b/xoDlpUQ7j41mYmi/pYJf+ApIp0MdByJYmAI09Ekzs=","e0GzHRC1T0k2gKLCB6px2GUWZdng3V76VB/GEtiGiF0=","h3PAPEqF2HPL/In0TyPRDSDa5FSNK6FA5HtBdTMAJi0=","oE7FMdugxqoBMZQLYVLuhIDxpEgand2rnPb6dz5egmQ=","So1VdJJ6vA1vZBV8TDiI7NXT63VBeS261pRitQE1tDU=","k6bDrOLfzrVDbZLfFIGhA78zkGSdovDVE3ze7HnOxSc=","+xY5HsScoIJLFliXsYQd9KS+X2xAemx9u6jMhI6IiEo=","wa5AgruiHlSMt3gT6+YD6GZ7w9fgB5wdKbThMYaMmpY=","dqv+Uw4Og4jrXaZEksuJh+Gpzm/FbUF50N+or9dYpLI=","tropd88Y+Ir7UplqKwVFOMhHattnEK/xhXZTd7g7Stg=","IDkrTqTjY8owRJIejEzsEfGhWGWVhz3KfLlnrTuNOn8=","GrVRc1KRFp/t9iLB5FQoDHSIWTR5ER7XFsNx7PX9jPk=","0CL+9A8hT/v9iYW9hszGXBG9uUqtwHnSPf/pyTnbD6k=","6OBlF00mp56cnSTl038eVfLHnq8xlU1Gy7CS+nEAjsE=","JXh15O+ygA+4ZGpTmvfpzQ4ScaEMbuifm6v8h3oCsyw=","f3tsDkPdfFu8bvJMvyFspiHDXnM+i0phcnBqutgO0YY=","NomYxz4i4RYCtmdtqrmsK7k82SqSexuhZO3sweAbxPE=","ZWs3rKgh6u2F58e7AU/ntAbs1JbfRYWUUAdefNqxe1o=","UldfhzbEx/lOcYissxalH7KhOzQ0JMp3GctLEvEE0S0=","VQtRMZpgzJGcHQzi5vbbFN4NWKoolicWv+mI84Qo+8w=","EtvxlBIuhKLgXZLfCrmjkBbZmIIr9eTHlDRb4BfUvkU=","w7Sxg6vfYPLKZXS2WRm9w0uMR5s06p5CBOLKoo/Ib2o=","+iAjrAMKxSMEiei5Y0hCDbg+BUhnQg6wcZtSQXelW9c=","oh6QXPOTFiWxuw8RjTG3S4e+eAetVLP8n0GmG8uEnE4=","rXdt22HfZKWWp0yUcm1AQL1LncHSlW9mjuTQysChbn8=","gqCA9M0ftLI4H/grkOx9+Bz2rtMjfXvNGsguXj//ep4=","mHid6ssxfiWHUXAEDgTZ0ggkY/tiWpfOQFkLdSI64BE=","j0NBNx/uQp36xmzH9P3HYzQDQ/SspaYextbhDgKb3Ys=","oOc/MvI8TaSaxFErT7mpKBGAj2E1bWOHWElHjiabV9g=","NOtUIyCL5gq5+Y/EJ5SzQYBABnqufNsWNzRrVaW5eIY=","HOvzXwp9/PaJwmrpoyqMEfMz/vRNEhIR+AF0x1lyT+0=","Y259Oxm1dpn2PMl0KoL6Q2CWeYfQ1gDgJUv6UVPp7l4=","oA9xkvBNU0sfkJPvNF6VkPZcijU6vzyn03iA6iGfb1U=","y+oC3R7ZdALW6IMbl8NhMtlcMI5HEX1T9nKZg++Tv1w=","wRRabRngAxyq1RLrPZDxx+Ax2EmxTvybTdEajlw2VBA=","9Nb1D3p5GIh64kZhWQgcVq9vZwxoQuSx62L/EU4wZAs=","lv9O89aN06kMOqNkspP9wiblc6lxJvAEMnb18JvnsLE=","R9qCv6hF7AlKx+YVKqDU3z7MF6wVEzlIzMKNi/CJvMI=","ZF/G8DrGPTGati2qoq9q08XvGIDjz3XXPkZILdBRdgE=","YR/WhW6c8tLqG5pf+OzHC3u+7ZMwl0ZVnwBSw7hQofE=","VrvvDofIhMju6IpQAfs9yjLqDmQJxSaTxnlMdEnA26I=","bxMz8b4Ytnp4OCqYchvtpbYGLa2HCb+VhiMNJ3wWxwU=","NMyoiA2ZJ3B3puwvfpBnrgBNNPcEz/ZR9WNEWlSjC6Y=","+Q3MoxRS853nxo7piVBnh7hZaGNzPDeqzfl7a/O3yRM=","aHKnXHOqakcGhqnfw/nmFD2UM6H+gjFHUEHuQdZjhcE=","kmynA3JCYvPhURVyKSRBxVBPCo5uNJqHvM1WWl3oh5k=","8LaufhI49vK37Wl0OVjc3foO+Z3y6UtqKjO+4mffpdw=","kM6Yc5Z8Q06MNyyrZgEfx5XpgakcMqJvx5qkkueYjD4=","ND9gfbac7ea5ovcCTtceItqIvwGqt6/QANlaC1KSkT8=","HgteziiU6tnWT0Fn0hI8rBLk6koYbTU/Ph0OcvOGvC8=","2vCAkHpfthl6K4BrnlxO8HxyLc5iHHwXlNdWA3LLijU=","ipGbLT3oqm6scfXNIURYHSsS0U0Xc8TH9FsN8fNW5Hs=","3SBCaBEh37KN18jXDkA0XeyS8HIugDJVVbLamdIylC4=","EMumjQxKEKhe42gVmJXbfZViVPlX0IZqb6l66IT5U3o=","NbjqSam1NvyGcWGZ70DQI+jOx0ZZBksSOGj2DimlymE=","LZNUWuLPvujHq3Tf6XN3/3bqi2mnYXUBUiY0+uZJ0RM=","Neyar9eBwjShPP4jxsDW9kCVWB0/3FmYZvPlrDV5Ims=","C80/wt3APxBBuWYohHcGjSO2je/DtaW0xkmRLwIA4q4=","xf5obI1SVdlmaA+/neEi+WkpDxHyGYWk5DtEpPT7B7U=","MjADKX3abguYypwIBdLFjteBrBgtNcGkE/hglxT+e3I=","x1BpVOpooISe+Ea+hHolG+Rve+yDLan7VCt82PRMTys=","dt7KYIZFRCs35JW2B4E3R8fj4J4rh9wro9mWhBxI2Zg=","AexQPdEIGLMts4HCKN/zl/Rnj1Jnfn1K238XKw6XO+4=","jb2TLNSuo0Bqhlwix+FuoJUlQyS6jQZvCUKaQTMYCGU=","UnPXmoDE+00OTK1VSu0KyGigQ071rQYqZWGWf0t3BQI=","klwKF9mds9CRVY2DEbnz7yP5QgHT7vWDKASdhA+yph0=","mhlB2xpvzVJrs+ZLRkqxbByMJOOSzB3plaAYc0/bIOY=","CIPWyKTQEO6jglRiqVZL/idkc4ArVRVk6cmYEYr8hoc=","+yh5kTc1bJi6TGzTz6H8pUL2DTYiQGAB7asDp317ZIs=","Wn1knJN3hScUXSF9J17S91L8u1pr0AVbA3GhqrYzA1E=","vABhcffrmEXRwEoGV7ZbB3DO0Qt3FpiznjVPeeCscmk=","XwNTREN++tfzks59z4x+FK5b5B/C/sNWZrfjC5xViTo=","znOXcDdySVrVY8ykQse8928AiPMrouT4WtjtbRJzJb0=","2oaDXj1V9fSQ37FdIkS2jiX/QDoS2tOarjIkndgY19E=","w/e3+vUHCmNxX92zuEjvQF1xAdolZtHBqNnfGybTlx8=","S4pEtChaOr4fc54MBnXinO7IJXYj0NkAijoqfNLB4Oc=","/CQkmJNLWtPVmvIbBRV0nU2Q3N0hjqxUrL+cVsV7TL8=","Wu81J2vcs0Sjuaz2/JIUDrzIf4ziJ1D5v4leC9nmwBI=","G2hRUx41fwvGdXOEBHzBwS6DCXnaWodQtMRiligvcW4=","rehmtDa5MbamOJSkXeuBzCIRmk/Uds/p9ZV0U0/efB8=","EcsJavkHS4j5Z5NiupyKkXRsJC0rsBTxRUiS5UcB9Ks=","5d5wLy2aoypZooo8NRBiz2Fl7VlJtKXTMcEtIt4HM+s=","xjDwD5BnGmKihLRNWkIiem1q5Z69VgiWi2mvKEqsgXA=","S5UB5epLQkjPfjq8N8WJM3amwdjNqjrcQJ1M1C7/cgs=","LUO5EpkjLhGi9HeJbykA1//jhnNm9NKV/y4i7fhtiEE=","W6RmUOw1SErA72bnpO2lvWnt7xxPTLT0t7ngZqLTDos=","3h6emHn6740x8dYQFrE1rG29Fu0vacD/uqYNtWSAxc0=","dcYklNgYO7Hk7xTzOQ+zjbp/7mftxiigTNTvuplHyKU=","FdOhNJRFSPP1ycrmCIMnB75Yn16SCyhSq1qTV5fqrcg=","JNb5YYfqL53YMq+5aGupMyIAitCRg6S82p3IFBns1YA=","6BgNeGdI4CCyqKGNhIWDoj58dbLUMWukFu5NKThTFTo=","fq9eNQNZw+cHbkOsonyVhFGWVOdlTukLiGXDB1ZGQPA=","VIBJIoI4blfzGLmLy5TeQACr0wh1c41Wf6IXszhHCCc=","KisO3v0zMmFocufwsMRJKf7raq9RQ0qdhcyTuO2ze9w=","R/I6VeiuJLw56FTgbv5INXOETUfDlnDmfJ1zANB7Sw0=","T/hVnMRHdnO3vo1UpHYP+GiU3gWmEofozKXf7UFB5+0=","OMhZDY8S3eIWBH0yQB0cAu+afABtAY4LB0WD+o2jals=","O2sMbV9qej/EJsAa4XV0yXJNVJg17ruNbiF5ZlrpVlk=","/4KyB4ywPWUimhWsPtCSAH2JfXeFZwPXhBTgIzCglcQ=","8ckJMR6NIwM8WTYH2SYKVVNpBGKVyBZ2gVo8GQ1PaDM=","jOFa45qawpGvjRoWUMq5kONpH6yI7igo3/SZrxLEjZ4=","45x5bbef28KiQAdqqwg54t8uG3fUtFPAQ2xYbsRAxGc=","5c/fdtW5ErKaeHhDQiRkQG6vAg+vdt3f8teK2Xo1Mb0=","vA0k+COSC3FFXJMIgrleLRSGkeBww7t3Dzr8SUpQ9H0=","N6HS55xYuE1EpgGcs3hW62PJ04VdkHe9l3lhZ3tOcZY=","+p/msldQQc/rF0YOuEgTR7gRujrbTE24cHj7CDYuRhU=","PkKuejrVZs3SDxw8lIM7+QQv+Mav1Fs+h6a7ZPilVRE=","VbSlxNa7i6BCYUq/FO/XARmNQDbaWzNgCCrNN/srn1M=","LiO4InSOjJr0LtGKmHRLNQZxDP8HG4pR82Vdi4Z3+nI=","DTqGlTWum5iUl9PlFzS6G1NvVCrm2D4VOS6IjYNelKE=","YCixwZcyxGJJf7kbC3Sdm+0TUfx6Ptp7AxUg91wH+oA=","6J3+aw5z76zGBYZMux+p7fAsV/PqRSuQrrsWa0tAU0s=","+t+9Ixwbr58u0z74H+u44Ej3Pa/L/GwHUozvjbVq+L8=","WKRQXgS+b4Pw9tu4GeRLZLWeS1WbYY1x0yEKFZejX8E=","2MnyfmAm74oFY4aBI2rFa1qkGVzDjpxdNfLq4iyNTQc=","eydYth1zUVrsWjpMpPcmMO6OfHn8wNZpMr5yvxI2Fbc=","IOH+75Lo8mF8bbsWIcQQsB//jJO8hRgIYdeXcAZ1U78=","0RjApuzzxCetLjDJlDU4WLdpV1CGbTYQ7JaW3W40p20=","byT8W5drcf4HWrfpOqoI4zAC2kxtJhZy5YZUcp5wTNU=","c9ggcXzvPCu005salRegHe2t8sb5aZkeKtumkjEssso=","h69UgeLmrxW5jTGilzvhvGoYsiFmypVhTAhbYVddUIc=","jWZypSJ9v+cEIxxcSkbWvghB8J4nSp+1gIPFSf1+wfk=","SFu9ltzEhtyZzlGXtrgd3HQDsVqrkl3/2kmNqM2StVk=","iZN137//pwvJoNvvpsdZ22SJjBd7nEetfEjchSYKrWY=","kIPntfvPtGBntzAK9ucpFWUxWKpEvnXUt5c/ly8IoXg=","EXSBY6/GMRNW+ndazz+krtr0fD0WSk6nW//AnAJpBps=","56J/5dmWDP1OXxVGH8iN0c60tkw1g7BwhiriC/orXDA=","aY+Njhzx8+jCA+SJ0bXRZ9C+xiOouilYUUiKSa5VDgo=","zGPW5KifxVjimMOymdnqrszihSonAG6D8Lw+BB7+5mM=","xeyQRtFX9GWDcOE+4spbxVMORn+pCWeWUxBsjgkMRlg=","02Si/Odbyy8v4wO+5UtPSXtAbFDLYO+f8yelqk7f/aY=","E+CL7tU3kvFNNulUMJRIvyHg6DGsG5c6EsZUaEfEZgk=","PZbSGwAcuXONJe39032HQUNkG4oI91OphPVRCfpOSsY=","BSJmy4ugdk9WckWG33Bzij7cbaMdXTfvcYsq433fQrc=","CgVoienr+tZNqpws0Agi2SqQnur9bhoixz2E2g7NYc0=","JRlQQEfwfpwg/zECWECt8qeeF8HEAdpqZ3WBPHaBJNU=","X8EloAz9Fr0S8T1giENB8XGW9YnJ8J8qf1f9x510zO0=","4JWvlW89aAAu1Wktlrvd8EdvUJJdXVGxF1u84lvyj/o=","WuH9yivEij73U+uH4CavlhudUB1Wtib9YaKtj7gNv2w=","k1uFdW+Y1ioIrlvrSSHefH2nvc/tEMhWlPfT76FA1ac=","XmPVtMaOWoHh7fnthjZJStCfKYaralkDrHNmwejKfaY=","Owim9/mdSfm2pBC8U6BoeAGvOqooSdKVGfy6FMucUgU=","Hx+EroWzULtVcLytq4HFrqAscEC4KZXJjSJTJNdnxWA=","HdT1NZ/pTgZLCzwjYERJAlE1r4aQaXWgRuw7npdgXas=","Vc0zp4bUhBz2KoAHa1ltUwjSImZyC7Y9FJPpDGzMR9c=","WqccgGeqwhM1+B6KlTtY1ZgRWOCTmaeeIu5zAZlPQe4=","u8yw8Tu0pRlENNwphhzCdz1HdhrjhQstK0MjMe8gJVE=","FJ+kLhS7UKuVcHt9StKyYY4dO0HBMSAUT4k8SrBpx7o=","zi7HLoUbe5VYW/OH0k4nqpVzzCI9cpXbw/gXF3kwUeY=","Mnq8vM1xrzzT9CEDM5g/4pQfH9/HrxuTU1fPokfcY/I=","pkNHgWr3IZkcE18JauK71J+4DIfS+t+dx5S8XS/SDNs=","9xbd1urgcP+Ul65lIQbLO9tRpS72dwRzxvib0x6gQSQ=","++2tGpI5Bcqi8NNLTA+50eYNfvKqTakAs7dCzjzWFTk=","gCIB5zaeSk8fLZ8Rin53ObZu6gluPTv7SXqVC7CwTDw=","QiU4XsaLVfE/mDDbEu43EBPU7YupPhWjqckaA0C/p/g=","BDg6YoVybQFljTx1lnAUxk4iorjQXwf3ZzH7I2QH1O8="],"block_size":4096,"path":"build/main.js"},{"block_hashes":["Nv3G1IU6Hi2izyYUE3HriFBWZI01VaSW9AYYfzxcH1c="],"block_size":4096,"path":"build/panel.js"},{"block_hashes":["Jwkr98+da2jo39Fjdld0QzGIWi5vzSDoCuHmrinu47U=","4TWt1lj6i9zWJzsM3K/FnsCm3gB6pDw274CAA5DXqHs=","k8he3Vo2jwHsWmVQL3Yiw4/gPl+pTGfPFbMLC9yndBY=","vbFuJoVDeqN10Y2XJSf01y0XXOU1rUg8geZPvzyjo58=","k8cRUKwikBWkBUlwcg4fxraEqwqcpVbMlldOxHc0Yx8=","tE9WTbJ8ULBHwkFfIFM6PBfSIF7H1wHnH1JSTdsDo/w=","ltozRMVq+ncW+UnOvS7B/BN6pGvlenGpClQpAVlha88=","t0M8pX6EJAdsnKKRW+gjfNlzG2QcLcrBB5Mb7Jw4vVk=","G2iAKSckINzvgKgWGLC9MDvHCLDAzhfbJ/T/X8VDid4=","j5d4oXFIdwLa6vw5/EgoK2C9HChw8CbrdVqJ1Kb/yms=","at28BiVGtgfh4R/R/A8flIFm1Qr7R8pPs5j6icK0CBE=","5yEGTDHyfLB/dNUcc6U19LwBq9+qOI5Kmy1exzLCgjc=","/xM53Jk66X5weOO5aG3M63QOGsmzg4JJE0IGcmS6jug=","TSyaSgEIK+pP3r89w5Sc8Ry0pmkvuu6DdWh6ioux0lc=","Qo6XqOl8Y9xpK064RUmJpSOvhxBlIvmpuIeCMIIphDo=","ooLkwMTDfCBm7TuZ/fpxWg8AfaKXQGjdJ4aWTFEWPh0=","6jwzbZ+kKPEVlGhI/tm6J5ELDhR29WzFUBO3+GyUtZo=","ySnali7lfcz1WMCUTwUkBJilVSPOo7Z2ZDNnaBQ9ccM=","Xzc0cglfjaZeI0Z7T8PWWRc9IUP+xohphuE52MaosQM=","BR25Mq6t+rYI8ymnalc85IqyYEKyfXe6VmkAW7ciV08=","23bDYy1zPNE/86YA0Osdx7iwYvKHyfHxVAfrUWQlJBA=","ckCn/I2E2YE9ZkR2NQeG1YhVcqfBqxIHe2VTWe7Iego=","PrnTb1Nd4Ep075CiPwfgcNX1HxUPPzHoQYqpyluHIMY=","D4v0gkIFEqAiOJqhZfCM7QU69n9jrtsDdgsT9jVOQSw=","7mK88mP3W6feulLVgM/1asMTbZq3+Iy60elTQuCiSbQ=","rtpXxllszqdx4H8AQFL+2uHHw7iay9ig42uh9UvAfS8=","Vo0BEZ9iW4OflrW6j1kChaze6hB8+iIuDl5rQBeO0yk=","VrtryxOsfrpQJbs1/KhdWHkpJiuinz3wkqOYLRFwx04=","2eWvuZCDzFtorVLseMFXfNPl6dwa+aAavH/JWw0RjAo=","UeTReYDyqDc5QYlUqFWjmdA6bZ6H361Sa3s3YlxPAds=","PIdnLkXhrGloqAJpGO3Bb8VpbD2Ad2/NnlF0b/8te1w=","G56CIhRK3qbZamznrhKsa+Ez9MlgNAT1pQlCVQlcM5g=","jqJyTWpVf674op9w4P8wtIIifcBSju1LEL9aYPSkmJY=","TbyGHhdvnVQFNrdW1aPGLIb93+6r5Qe40bVzRZcujKU=","UtTPgZTuXge/31WQk90oogFUBmzwO4oQHB/cC2/bhEk=","cpbOp1AGjg1Z4FXNJYIlFxfIZFRQ0lta7edT4TAQNvc=","ZtZ9arxb5ZMUXSOEkHy1NMRM9H2Os501ZWDv+ZKxusc=","kaBDJ/kYueRO1JZqv7rJ01PQwkStfuHPJ2K5LeWxVw8=","rPbcdIlQjf0vwmYyAoVmzXOwuJd2lo+L0w+xbuadWI4=","mqFF7oaHvnsg8nBrtS/TsTu1Zl9VK8sw/YOPz4EPrIQ=","+NkFrs/ukeR9MhFQhl+G1Bsbb4mCNwY7GFsCoCmVwuc=","9IM84MvyIhZeUe91f1y4BpGMDN6h8H155EjHEklDSfw=","4BgEm0ULmmot/FgFnEI6FgH5+fLG1uSW+6jONR1f5lo=","FQ7/rd93vf7GgVpNEGAuBbO3Y2YJeuw5nX+TiWFUgUQ=","0AgYEk/A5o4Rb13NwdSgEOvf87HAisCJUvo8TRukQRA=","RYZp0CJKrxO3/nfAFo4SMV+PjVZ0D37vFeekKITcIns=","mbRJAtrWFI9yzx/cjHZ8vlxSuP9wjb8QAUWFHzUnnAg=","9A49a4tJZEzYQMPovrivJr2dhBMe3+1fizEvAOA9m28=","8Ye+L1MBf5JeUQregti1QrH0U3S+rWLQjGd8GnZYjxg=","nZXsMPXKrBY2e41Qcq7jQVgCJmYefEg8cU6IL40H1wU=","MGartQaV3jB5cAa5xNSXRJNEKJ9SD7qLyPBiT3LWA88=","vr9fsnb4c5qKETm/QAD4vs8qAQKWapDxQqoRgpAWZxQ=","jnviG0zHULpC/9E0Ll2JAdmlMJTOE8boIxS/Pn9+8T4=","RbteSWfYSe8D8HxGtqTy2yriRzDxinegVEWSDF7leOE=","9HFzl32bJiv1n7HZ6yJiIgSHjXERdgRR5Vn3WdR5fOI=","4w505fBtdb181EvYcpaaUuqabvtk3smyOrzVCfjroYA=","kUeuiLTK/YPizmaMiLKQoPOpg6d/RzM4k8Y1gbXWY0c=","DEO6wi2+zyXZIbAXIuK+ovov4uWQSKcE7WAhN6T9+EM=","DLyv96y9MpVPvx0GToHQ4Wc1TLE1/9XVgrrRNkVkWBY=","/KohP+P7tMwLa3Y99l3uHojVoQr/A8wyWELiMvPcxAA=","nvmf+kDpSnP4mrFBKmrkurH273mGlRxdYzdgOWcF5Wo=","nTRNHRYoV6IK5ysy+SXr5dy/990wlh3ci8QYJYDwr7Q=","NZXwwwAwKgsRJWHD8JC4gmEz4wPj/1H8gsnBr6Cal1I=","9w7qXClaqDD3ElLGbOoH7CAhshbLZvlK+CFYETqNM6M=","+tEE1zKXQkk1FZ2zedLzdD/T32AnvBSe7hPCl36M9bs=","X+Xo9e9l5cQJtUd3fF0Q5Fc3v3oh0YylpSjaDfBe/H0=","9DwuZnwd1PTIq8HKPjkwGBmnxRxuN0xjJMvvEjY7Q5o=","tJSjqaakWWeOcmwun6jpJliFuFRs25fm7ghWbAxhNmk=","FRxSssSE8IBmb+rpSkpiyTNSNa+VX424fYXt00s566A=","w7AQDfXiUSsvN7voJ+y0/L+UU1Y88hhjzxaXOZbBZns=","fvDwQrztT6rLcT5eEERvjk0nOvGMXyIQbJqOUmBsKzc=","oROsQETobtGn+VQX00jPWysWjulYp46VBRjLtX0f820=","aIM+o9fkqbVaT9VPvr5Zs/C/A4idSfu4ggrq/pULGko=","PxzcHf5Cd0g4s9CtMPXzi11AtD0cGJ2f3YfexXkW0sE=","Nhqs3R7HfZgcfHroQsH+HP/XoeM06KRe5f0Bl1kgCTo=","wlBwMLU/SZRzo5fQWJXh9mrjnGp6numY5HCkmx8bZjQ=","ZZXJi8zZrRyBIrYuDl9BrT/pyhxVGitGiRF45V9TvYg=","KHx/G+VniwNFNV0jJokys+0PvZohAHxv4C9ryu58OKE=","z8nCEOw3nkyk4UtTVXRiHYpRL9X5mBBALQhKDpZeXWs=","dfxHP4in5Jc5cCx6iYJL5PNRJF2oVnajUlL5O7DOCnk=","L9+8MrM2ZwhLOtNIXUo/ui/sVH8RPzk5Xt8//K0b1Is=","YyjcKX8aszPIcVFrkbVCNffW5PEziEvyOEl3q9o3WmE=","9Omj6klPUN9VfuxLeSgcpWklO0BXhzpHklUmMMDhRfs=","Qxt68iFfm4TqmJA5Dbm3IVk/LZ06J+ZkDXuTw3Hmok0=","7dQeLFI68gX6yWhsXHdybY88FQfnLZVyBId+bxHvheQ=","y5yQNZAGhMsUJEx6JTL7fHehQlgvWuACFn42riIpeSo=","Omlkyhq9KfHTCMroZG8xB4vJGp9e9SixyhCB6vjcVDs=","XhaLJKqCehip1BVS5Rlv9ynzKpGuDKRe4LlNeSReIe8=","oU7HH6YFtq7aPisKgaqOS0VQFTu26HNOKPYpDre8mmU=","uTrGsM2XX9ZXO6V8Q2B2F4maqlbvxwTvCim3ysj3Nd8=","EltAz+6QJaS6DURUEFitDS0BjjAM1SDuVF0AtCUKdRc=","cjowLS7vRZKOZYuU022VIjIiQ3EuROjIs/bfexMMLdI=","Ovm1DJTLo0zdHzrDtfR+5KxiYW5pQqrsmoMf9KtN4Nc=","Lgn7qPCK3opSOo3nZMGDVmE7EG1QU8BvyxhTi9xS1jw=","SwEups06Zx+e2A29krPfxg5BGecdnUkJ4Ac+GSawzos=","FuI3kKkKaDk4Kmgtm5bBrev8t+RDAn4g4PHlOUngdSs=","2DiB6Cv3SqgseagBgVrAJdMO6mzzM+y43Kmj/JV8NOQ=","WyisyoUesT64Kfqo1hQixQ5K8HVPulZFpeN8NUgYDnw=","lMNVK+AQ6ObwBxrAh/qmk8bwcNzT+VoOOhBWCE5Zvdw=","5YlHvqhiBDYecYHyqPEgp4aOCVVakboE4+uSYl+usaE=","ZP3YncjZv/jvwDSdPs3D2W25z4A6X3t8hUIl8rJAlmY=","z96IhXXnh4xMW51eVNLHDwaQhbdDCyuMs7zTcQ57u1M=","tDnaAGxlCzZtcfpnD1xSOPY4lk8mLmM/IMreE0704o8=","wCy8AZ8ggWsPTSNEOukd2AzM3A/Uvgbvc5i4FSiF6lg=","FlAG8zR9aQEcodBoz6GJg1B4hteq+u1mSUV+ahlSjDQ=","Bty3DerAkjaGXByLwnMaDQj8v1hIExY2lhZwcqgpBs8=","IqLr0i1D4EBPAdcCvY69nSi/hap2dO7YcqGv7h9Nqj4=","tSH/3zPvyT+iTZo62whHdE4NNekrY7uOGwLKSinSf5s=","Ycy5ki2IOqkgjxAFUZNoo9UQeNGMirw5roUFcwbmesM=","CpINDvQ7bYCdYAdsPgoaondU2Ia44n0M5xDIJJvT9aw=","u8T0IVEz2xsClDtLC4MUq5Sda48XvTum8EdCS5T2rdw=","ZKtV6wfXasvZ7oalo5USDIHHcFuBMvmF8tDN226REas=","fpYwg1UMwRzPDGBG595OjHAjpZqYr0AB/4/Y2hdwy9E=","ApZRkWfElBj43Xh0HDYZa/WxRf4yckXxQvhQOGLjw6c=","WkwYC2Z1EJ4/DNfNHtIdEjGT92HYBp2vfBAVkjVp+2w=","8ms07UTlyJuQMGV4RW6l5xHwBdSfoUJg7pwgay82nGE=","b55aF69XfZoVDAYTPucDWiie8qSTvix6fxYOxZuOV28=","os1yB1OFtMO7T21I6SEGw/Z34GibOZMoj8buO6+0HSU=","DCOk7ABh+9hJT09aN52QDEWUq+j7hegsSaXxWzMeqqc=","LZC8WDOj3/CBd5qwceykaVCfW1TUjZ5NCKHS6cOIgOE=","kTDpir3jC7Iy3+Fue09pJJwSOzAP171x04/mZ3+omUI=","kawfJJdvmOHQMDpc6TzcGqTXzdrsRySUs3+9Ekjh+qE=","yKFmCj+SbTGDTzgN3gI7sbQO5DlYs5yVsbq7oRh+Kr0=","rjtJ9ymhtfZSNv3TGoZOr5qfqnG7sYkSyhs+C+9aDkg=","F83rWxN5DlTPlF7Rn52bqM2p5zJt/YGGwDP3XHif95k=","ZKu4eVT/Fr0jidgiQG8qLAXn2LGOt0mUULpMs+kLHzg=","hDVTlEwLvPDzcTnRBOCP6gBiuOTw9AXL89u55RIPsG0=","gZPULuV88y+H4ftlOdN/Z8iKL5MzugYm2Gl9VGcVnpA=","4KqwfphtIjJitGJTBSMlnCZmUEEwwDMmeSRe9SkoTLc=","FUEC67AA/3cp9qzmNysforpusNrkgEZxdNK7utq9i1g=","HyvZt9CbOFvH8koq7L1P0T8Fpj/RY7NlAD3W9tuRLEo=","wZHp5VpFpz0gNoRceDadbSRdQljvA0PJgEpPWkQR0HE=","XJc3BMsvBemTSAtT5fx8uTgEeCai+P53ytgF3XwFSwg=","B426yuWMwhJUjhTXIxjdbPzF7unG7x4rm4hl1QG91iE=","OEcKfLoxvumGHLrebg/rrIvXesTcSdsI5wPz5mGFdAE=","aAYuCHkigbzlxTokJk5uQkZM2iXudBJt9/AKgQT41eQ=","8bKdYwJXQb6H2NxhJEwlsLgtfEvlUtDyiErPCgHW3aM=","6lIKLYVwjfT3RIX/rOHwQiyMaUVZI8k1vSNlxYEIm74=","cqDlYrye29/+jPqjTyyBw6JRzLVK3Kux1f9Jqh5b9nc=","Nq0RLxSZZCPbz2Pw5gWhJKOSGiSriKeORPyzerRa22Q=","MCKIgfoF2JaFnphJo6tEloJy7RCFdUmM97wBQk0DoKM=","j2Y6b8jIs8TKUvbgM2MMVg16AB6ednwvm3yYdW6Hmuc=","Tc4fZ6lj73DtYQifBFNovUqLGUlVT2C4ieKRM09ICMI=","ZCbaS+AyhVR9P2KdlQtnqbKmlpRb7H6lq/bOQMnjZqk=","cY6MAkgjiaFGmm6AWHDgxlJL7BEphL4hWwyZ+JQVEzE=","j1FgDuG0gUuY80/omCYshr20O9i7/elC5EIRdEFDlx0=","UQ1D6nXu/sVVlyZFttG2pzTokZ18QuBprkppE/Lk6OA=","y/9aS07z24iwGl3fcY6/fseN0dD8ixdZyZq0t0oduKo=","i/Y4AlX7sXE8KX3hFkFK0ra1GKNPoGFRpD8XdTl7srg=","kTHhxubTTbXGUGro5vs1rYnoVP3aGb2LMkBtxgbMrsQ=","xZg/fN5DXt0SixW8db4PH2EvvzOSqGS3M/M0AUMtc24=","+pqTBXZM2tiF1a5iQQyCG2a7x/ia15v8DzRUMmPtIFM=","VkGYwu6V9BIrbiP+VcJKIru1Ee4sijXnjnm6TDyDjhI=","tR4w5OuNAQDUDt7thMC2+AH5ber+QFD0pDfTI2uzbCk=","Wj0YXelBo309eysK0oPhHHgqJTB7H+VUMM0tEV75qyk=","V/5CPS+nbEERizoBZc/AISc3Z4+gX4gxBWYYATrzHkQ=","jqQW9v39v2UKkyWh6W45MgpmGExnQWEVknWScKEbO2Q=","hX39XOWgObibLy//RnefUukYhlJeIH/2qgZJ3MAVeK4=","i+sZSWhH0QaMg1/5yFGQOtzVLmLJy2TGDe4F6vMa1uQ=","dEXKal78DsFN8RICF8FQ5h+8F7QFNwT6ocau7XOU5ZA=","Djyksja8wcDNSUXkZranpoM40Bm42gsDFNm/4KcGSB4=","x5JTGzjMiSeI0gkf3lWkaqOxWgv2v6ffjJyF3TU9amQ=","UMDeFOYUlMK/6pSv0KUhzCsSEj/70FLdyqUl2vrzXwg=","28M0yf1vzDZ4Lgy0X1JcWqc3QfKnMN21CxKW40c541c=","5rrTzxpVRUClicOjxRxQ0iajvhwECZmN4B2S/a+ARFI=","dvrQZG4a4KU4ly4I9pyoU8nTjpwDBSLmVikGe07WxO8=","9hUUpPi3DlhHN9S0OXKPLjRz3nuDohzsJtg+dDzzPjA=","/x+yVmW4sXZLN9anrQJg0n/3jOjrBzDPlgXF/50LW5Y=","wag7x3GmmweYqB2sOtKhlhf4TS3wK7hb997x7aTJ0qQ=","h3UbZZtOWhMtL9NyBOjgCseYjg9K7Skp6ldsErkFnb8=","8GYklxqnNr49qgEi+5dKgPkCKGKc8XQTnksRYtM2pds=","04ZouUsGn7S6xoM0VM5i56YZJBmPn7xlx1EmGWrDDeM=","m8uh/V6mHzGWA+DTyiQn7GcR02+KlmyDe6jKFrNER/0=","QgH8jxolM5TC9168yxCydV7ly7LnbsGJc74YZ1pp2do=","kl/VD7eywb5MhrwStq12+o4M0KXMC1J4QFiR9pJwbeM=","MsU7fNTTmmZv6LTJ5HL7Wcp9DqEWgcBihmz2rZrCI88=","B063uNbVx54x6uzrnmOfuQbqkJY/QY6zmqsapyP9Klw=","Vq+hpgvaGpwZY/7Pu8mn4jKkhDpcV8XsDDStoRvdpms=","DPsZsvtXGKSdJLTwN1sGxCCS03JKldlxdO82v838eMc=","INNHMcaNm9IqxRS9HTPGiD7RCiVJwNB1oR2BB4XToiA=","zATttCS8xdkWWLnaHZID9vuRztbwx/QIUCfwiMFbe3c=","Yhz3oATwKbFN/tOZfm0OMe2bBvhaC5T6thHYEOxi8zQ=","ZWfqbNA/uV5LWMf1N0TsvUv2iBF1rPPdlpqEIIN8bcI=","nbtoZh+y/cW1xp0mExl1VLC39qPyVSyLcMZmalqzMXI=","tBdUu8e2wTGODjcq6sUuHoU8TDDDJXttJ/9daTfCj5E=","5/xl4LLeNAe9wfpREuFyoFZHXudBq2RE4mSBudT1Txk=","Vkfp5zYMsMT7/gPUhc17niavphX+KEFzGUidBkdYb1I=","ZFBZsI43iiReD3IvK+B+AysqBzKQbJ0I4lPeJYbyjvM=","QE8k7n4otM6+uIHCPLH3gagLnP+KfACBUW6vumlU7sg=","RCWbOcrAqDAEjeAXuc/wuDilqVcfwlX3MbZqITtAJRs=","BmEda1Unfx711dnfbvW5SBlMQZc04fZ0kkIr02m7dhQ=","BmMdjATT3q7FI1xbHzbj7xfn26DvkjA50V0mcODINiE=","ZU/LfJ6EFx2Vpg+V+IqlooM+0yCEtyX+uB/rH0FuRCo=","JBJ1ExdE7Sqpv5o6T7v0l0MMC49DfLhDKLImSckZQJw=","5dGHl5dT9ZIMzDoFWeseHxF66VUPOMefWFkdXboFhWE=","kvKZUKTZe5nt80s+Dc7JgP8ov+4AM1J/53i/5ETr8fQ=","z4bfVtG64c0pcYvss+My+2mYpfr0Eo7FBVD+f/pY8Rw=","ZBrwD6hAyxxchcx6GsU+x5iOJkn25rWrj7QGvGVNQ1Y=","olExzSORPjQSKt3h6FvhfYtqXH7Crcj9cby0w9Kp9cU=","XeWWBlY4lQDDR6cNeU8ZT8HbYso4UYu2pPuLWDQRcTs=","HCMlcEJ3FmyUj7QWowl8oDYXKbrJ/kE4MmEGLZQeJdI=","BoCvVj4xpO1P/HgBiy3bICzRi0jQlcJC1Hm2FZBWSag=","Zv71Kq7oQg4eJr8TsndjvcuIxyz7swOW9KBE3aV12Bs=","XnU43b+Zi6PbQlRQbnVQEvrTyUbT19TlhVbbYNqaOGo=","3/wC5CSwkr0MQ7XWLMru7kVgjWukz72GdPkTNoO+wtQ=","PbJiyYXdq4m2gLhlp25yLT0320hY9WXlb3BwgPb77ws=","o/AYHVv9Dw2WUu5e9Ob/Z17veHDDLOT9L2GgfA+U5tI=","UtodJbhw123UjaHX/S9mtOn0OqxvVFfjvcZdJXdJu2Y=","kbNUXeF3bapi0k/cgxnhJcQuqx1Q2czSTqvhc16tu74=","TRxTnLq+Vu/7Sm/23KVw5V98S1tlVqri5jXZCYu3Ilg=","GRs+jFTv5Hr6qMNmUxwNSAUMGnrTnvQAvJ0vw+ryqp8=","58BHv/6qKYoNw/na7Nu0DDtdGNcuP/HwwI6dOpoS0X8=","c7Sm4nnDpGIY9SyI8QxgVrxd2pQi0tY7otJKKZrhYdo=","41htMRVEf6tPbAB6v+pk+zTurB46P1QSUNXn6QmMqv8=","+lCWz3IKdq0166n6GAZnvqDF+WjQf5Xc1iDuFSmgGW8=","lRC21XVro4VyaiMacMIu/vArhtH6dgMn2eXYIAUMOms=","4RARUbE4ous4ZXFdWpCdlFqixLHmWEVHlFnXIRM9rEE=","g2NyRFhAcP0wlma4kmIFMpZjGWgh3g6L0iz8sdFie9c=","9beNsrRCcIV/7tpEmLgAo61WJZJkLrdmc27EWmmeGoU=","rF3zvCtsX2hJL20nmpxUKbwBd9ZNnz8447FqKB1dXDo=","s7Pw7rweolGnGC4szW9dGXJ7mWV5Uz+isafxA9wCjJ0=","IpQe1yvJUc8X7Ci2sx5cqsLvA42CAA31sGjWA91I4tw=","veUiKDQiU67+6z4136J+o7lbET16YdWn9Vld0argONY=","Pmc7YfRpadsVmfCgTE/J7mqI2BwewiTUaJDd1AZeMss=","X+efd2TEYUiD+DKYe9u1pfQqwIJu/WBKspjemtlTMWs=","1/kKZek92U59G2Ehf6T4cMUalNknuuHnP2Ilul1I2k8=","ncBW0OO07wqpmCLQdx2X7eO4q+7wD275PrTYiBFZEvE=","XI4gfzn553XvT+51BxoLXNKkK6sCSRC0QFU2ipwaU6w=","xSlqixSw8+Dn9p9DaYFNH3ML8dH55xudk0CvzXjzOek=","xdX6exOWtytmtjOhIEj5ipazYSC0b2vo9hlMbfZHCQM=","x57eHiy16NZ00nZ2N9LDaZghV+eGZOf/4yNe2Tct8k8=","Z1lpW9y9quKY5o6/3uOlZzhJPUfLPTOdNs9ULTnvdfQ=","QzatC3G8W5Non6K11fu+yrjRAp1Eo9OacaFwv89UhWo=","coQB41z689VM8ZjOeDb3pRo2jxM139HfHsUSfDRmupg=","0hTe3duvzJkG1edhj/fr5WkT0jmdS4Fj90O1vOifDBk=","kqYsDhM3yIqyOc9P6sOeEuYRdPoOwVak0PRqBqXS480=","BKn+YK6t1g0p6Sk3hfmmQIeNf5QA9YVasuiOvxa3N5E=","ImDvTy0T7oG8v9AIL11reJv4ZvxyFruhdNgkHXxMM8w=","9wCe6UPsMLCQEVOlJvd9Y2ET7hQS7PNrtePZ+Vt4MZ4=","+SFBYg/JykiJJVDt3IfA+84V6KZ2/dUFflBIww1ZXXI=","s/qGp7jrAUr6bJ9rFfEVsBPu2rnnph5MTmrJ3G2E5NE=","FUVj8O8zlL11mmGUTpK03uj0PdDgxfeorfYHlOnmi/k=","ptv0oJ9Hl0v4zGP0aTDV0wlDX/ncLYuPCis9pJxmSqw=","2effzqaYUwLqjhaaEoAcPnhz+6ZL+n3Wio8J59L8tHc=","XZwJV6CwyZG4Cb5bRcPmqRV14upiydEErjrL3cYeQA0=","KArmVaRES4PQ7UsGSyW868GjjxNvtWHiywN4fzi9cfU=","O0DPVjhMKTeqqHcVeNRXN4z0DXgsnJniS0+rrRdYFRA=","IsZv0JiKgIXxvD3sub1xK3b7JRXc1VFyiEwi3pwhAnY=","F3iXc91UzzFRB0bEwLWL2OFgHDkNpKuS/ZlS85HmvUs=","Ima7//Ur9ysMzsTYjwB2CdKvAf94fUAc38+QWdJuASI=","KgQrcNYPHSVZnGtPK+2j+mYbFz+5mjqoLoWkRenDR84=","ESbOK4z1/uNlX5oJR7W0CjB0csuXazEvhOqp+9A6qvg=","As9A4N47Nx9adY4hQtHR/zWrfXGll2DuekA/36JTlSw=","nAIj2jRIh8X4efZh03RM+DN/UNEKu9ff6gQOOa70/WI=","+6T+GrNjoniD8BNs3qE9vt/7hqXli5zEwUe487erJD8=","ybRcnt2wpX0R0t3cS+sX9GeoCqzR2IwblId4VpZuJsE=","WnQRp4Tx3isvCxmSJs4BOXhKW0LffZA26x6QJcIaHJA=","fY53+q7a9Fhz2ZALSXAS9qRzyomUPFv/2ALMORgx4xY=","LVbdMrjBHEzQdcwIPKH4MxEn/VGgKgW/hIffk3K9Gzk=","7OFxjUBUyeaILt3HS6oViMoKGMP+GQOf5oWPo7YZIX8=","GpKihtAuQMtlc9suKTREm5ZfpH9T2bTfzgNuyVHJels=","9Qqyo4lQ2jPxZ3CjuIWiEK78UQf0DwmS53/1NPyD8DQ=","kChZc++ErtZbDNzALsbWctqX3Fr+7sry0TM3a0RwmlI=","CCaRI0KJ4T0t1uMkXcLW+y/6xvyVoKUp2TecnjEKcUA=","KXU9G7VYwWgNj7p/kME3FoDNXynGGFDNXUVO6oPfsQE=","AERe/AxA4EkuWO6XrdWz3RbW/zdPO0iuQrgTVgnAUsk=","taYLfdCIoM3tho5QBPz52sbYKUQZcNH/RgjJza9Z8bU=","OSCRAKOgsmOrRrTZrS2zUyFAvFiKLTaVnAWkOUm1nJs=","nM0fiKqeUMy55RcpoRAg1rl7/ZpIk+dRKe+j9S1WbMY=","+dLO9jOtuyJj3sh9zzPGiklvcvZRarq40y72EVbjy7I=","gHdcAvsytQAWXgMzfgN+71M74ysLdlDzprYl3pbPbMg=","dM/CdrQz39ALNM0ebNeeBdLQoIc+a0US/aBao5F0mR4=","DOby9MVOItr+tDfwfNNlXboOnLHxLguBEgW7U2FmbBI=","GdOskacn1NJVhM1x06q78IuyU+2Vh3AfBxzJzfvjAts=","FIRzfoVgIXo2b7opL0okrPhHvivSwhkfbQASvpf8OgA=","QDsTSkZ7cnf8IQF36/0ZNNH/I/khI320Zu9U/R1Nl4k=","pBQIETjHN14dQlcb/Zrj7Y/CJKrHDGWC597NcV+3eb4=","OPOwBr9w6a8sZ8WyKyzsoPXhNghIo/ZKUis8n3srRZQ=","RKD08yB7hHvPNxSXrIBCwPMjXzu85uFHip3vNPPwzM4=","wCdIgZQcsYAVXDmZ+ytT85LPAPYVl8p+0+buJdgP90E=","7Sv3s4T6Ha6dJkulE/qRxDxuoptfANeViiWdjtz0060=","ywF/JXdFmSYGoZUnRK8ivF3lNsvIHxY2CwMdY3VomHo=","mDELK7MWXpPST0047sMXQs2sc//ZKHwFA6r0/4C8Sh4=","E9ryoS8BEnGDWEVtWyEptEy9f+74oV8gRy3oeouABpc=","nEMr9XylxXLXYYpebTIuWZ/y1MnLr8UUebyWK5Fgy1g=","zqZFMjX1xfKTI5klQtzN3rL/6bzwIvqmxpmBwKw7pTA=","nsZe7IIVvlmicYaY59R1AyiKDL4D+LV4KG0Xcb9iiME=","B2IPrNoiIFqRFxu5b4UDEMQdfgbL7Dlv89MC4NIWonA=","NYNhXafxNztayTEqCTZvgIHpnfFFYQ2wI8kKZO+chis=","A4UayTci6i36rB1Wszt37tWFuMBnWPGU8FXTmX2TbdQ=","3hBP2+93mxHYZCoQzvGROXsN14SMeDtN5FpXxscrgC4=","rsZppqvFjGWfdrR+bNMohcgnalWi9xUaeMZKQzqhgVE=","C51xi/l3uvrvFv2T+Cql+vtZ9j6OaFMIFObjz6IXQSg=","GmqoOLH2ZLGnDGpbF7WF4zZxmeoka5IKjqlepAbwoBM=","qv2U1VNUiXtP+t01Dt3OMsbTuknObIffZ+NTagsgTDs=","ihOsRhv/hUl21kUkLiuC1k4hxTZO6kl9SFmQH3ST7lY=","8p9hJZmVMcbbxDbd68HBF2jzpKR74Mey9j2zvvWWFf0=","nd8Thu3WwmMDM6Kgai95FV3cs1NEofsppHRZIy8b1Jo=","/kOyVOrEWYVR4mU3mqFLGyDQHR+GLG/LE667EP28lDE=","x/LC1eDf2xTkGVhGDTPXL2CJl+veqg3Mle22398I/FA=","dazcOzn+hrobIbUBoczRa1zkZvbslnz/KUIiVssY+EA=","3u0g18pUqJkKU/PucOh9/ajB853dwII0oRLU2FUk9yY=","zaN+IKz+5ZDtxyauZTaBf8xIvFitIPcqyh1nRBIzb2M=","5G0Bm6DxJc9L/GgXkq1vLXP3xj4+5Vut0nZ4Qydx8CE=","I15HBXRJiWSeENoCVTEKEHuoM3YSStD7WrWlsHfM9vA=","0hqn/wUHKOaJq0n6993bkow1otyFwsjoKcvREu6FQTg=","bZkfmnZ2urnNiJbdggpjCASOHlsypdD+rVmCEAIUo5w=","61S0yWfGdH4Y8aMYkUKYHgqhRy3rHbUA4OO7C8RZg2k=","ZX5+LAfiuFBrbeN158RKM3t1OqvWuklIJzfklO4wMZk=","1RrdIfmSs1zYIQFjZtzJridU1hew/qMrcyDaz9yqvW0=","OE35aq/qXM3frZoPNMfDU7EKCZc8VyP+I0ayh33XfuI=","NJLCoUiWDt2E7sMzZAQP3hEdobzARt2+zusXUmfRnDw=","5pToN85Y2TjnJEBq25R8QGsCeHKB5r/dkkuye3O5cY8=","qsfjZmOmbH00vzw1r/IlptJaLgnkMZjYoiimVZ8WnXw=","2Q+a2Wb5F8YvJg32jBMo62SBe6LqAmve3yFGM8CrJoY=","SHDQuvWnN6QGoUMsEBznxZUSjIdeCQk08l//09AUApo=","DHGS93YLK+Hn2GPhkHekHgDqJJrYnL0kPP5OAZ8kw9g=","3sLoqqbgA0QRZQCpC4V42VM6hPSBXRVEnm7ivtQPWFY=","ORM2pJGnqu4+mmE3IW56qeZWJf1KGZj3G35wTpnfeqM=","IU3L7bBXxYFX+6kUul4hihozhJQe6vFzwP5xEAKNU/I=","WYc1mBNaEfMEFrYXQ32Y4bSjU2P98oiThXIcqqFnNjk=","nmMVwqHoBi0W+wbHr7brDccWif6+yOjQpLbMAvsQmWc=","Akw2Tv01Frp6nwU7TyDMoJXY4yja+nBdx9I3Ub4SNgQ=","snv3ihclkVHVO/IJUrpPKmCwD0PO5gnrw25145WFE4k=","GieCXo9AhjC4lzTsPSn0F6nl2V6JsT3D0H48DPHM7oo=","nGmZIPClZYnAwHmOsizVCx8KaLxA5NpedhpuvxHcrM0=","OL21Ur74Rx5z56w/nuWQrTe22PxoGFI8TvlgFxBJ9II=","XSYIkkoM9qcqlJIL/Fku2aTV8yyzywGWsjFrx3JBS20=","ftALqdpeBgVV//55OBkmdZ2ZWvQnVsec59DBq6iE/Ic=","Ek8t5i5sx+gDCY6XjK+3wKPxLERiQzDFYdez0jo91T0=","Wr8640vre6hYepdeTkcrzONtCORCOTGDqWrhBX9FMaM=","6CHiL5jYywakQk/XbBng4/BTMk6lFbj3mnhTo4ehXV8=","RePthJ98pYq7qbtFuLzr4WgvDaB0KJ4fHaGUXH+ou38=","IFZjkjSHPmySP/IwWbHBIVvlDXIy746Q91vY31D/MwA=","7fT+enOEfEOAnhOUGKA/DBQTuOOjO14nR4lR7AR6c1o=","UL+CdLJ4RtwNr5CB0p9oH+Bi9p6r8GF1Sxl0siFPoV4=","zHRIMa1B9d6h9LtSkYPDNME6MlSrqGNYwOnUOPqLBjU=","oGvjcFoSClc68B6V0mPpXlIwDv8VmQkiDHFihRpZnqc=","l9FePAFgxH6j/K+NwVBnMbY6I3cYVx0T5PTLTPRVKxM=","JTyd903WgLQbV7sBuEcmFLGCOtQ5P+7R3RniQzONzVA=","Oxx/FBkJE+c08GkV23Hs99vnV4KMqumlZo/nWTEmt+Y=","lFIsPouWATC2WNo0ltnJi8hrHsMKcYV0K/ZyOzp4XQU=","KIC5D+lQqSaoMtstl2EaHXyDJTUVpme+7DHDpC+OP2A=","yuYR6Pk+UJvHqiXqtlLLFy4iwP0EmWgIiyPDkHhOQEA=","DhoZD0DG3AyCPU8M1rrDiiFu2JznHby1xD+sVefkFvs=","y14hWyjaJUbxefrVpuVJOEPzwRs63JtpI/TqUX3zY4g=","9WBQcHJWMHWqK0woTGSZnDSo92dha0JjDqckEnqJ8T0=","KikWTFT0MMzE3eSFojANhvZXQewN5kxWNgIbZntGu/E=","2rD3NUenxKFdeoJMGWQUewZYvLzgmQZwsJHjeeaaK9w=","Zzbdt12c4bPSwAyIjxL1pjUgFLgjCyIh2uk4U6KAZ3w=","qLJeH4FIIr8F94BYwyDPF03o8kW2fRKg1vC7DgNUVKw=","Dv3UqKOkPaesYylzOwWbBJsBHqG6/D5k25tZi4NAIHs=","s5enMssQ59eHNLstzLfwcOiRMb6opxD0Xsfdczb7iC0=","qdT4QCw7fP7wZAVczghnfh3t8A4NN6pApY9YGkHApYU=","IfStXf4VGKmF6NmtS7yfiwnhUdcE5lKCM+ntEpcXPzQ=","gyRRPIF3ORAYk0lsMmS4+vHub0qwvFFP/3sd8tFdo1o=","f+oS02KwIXZWPF6yQ8jAtfZwxSTXkAzBjj4f+6YZ04A=","qDnWCcLDTg5Db8urmPKpjtzjadMrRxUKtABMIcmukfk=","AfPAPIfpgQZV4A/rfAFHk+Erk2legffWwLFlZAe24EA=","UH5DPYwNAevbpEEI4bSpKnmCOngD0t8tdYAPKzl8pAI=","V4x++Qwk3mJYYrABRFqosJBrDoYuIJJxLx5RsKkAQXU=","YQeivva4mcQ9U5Qk9zztYnDbUOsfD5QFi9Z+qGVEtLM=","X1IJO1lT6I8yk6B0reL6n388jdpx69rGD6Q1oxMIJ08=","c34CMtOkfPz2HkC8MQkldrmSI6OrLBDDh/Ehpz32xv4=","b7BJVSelCyciz8zttNoeLBbgMIm+hsA2QfLM8DN7Luk=","sq9iEIO7k9rosA1by4tk0N3mxcguIBLRimMn0sdpQ2M=","9Hz6+d9wB7+3zk4jt6iLViBiKLAzL6CMszi9VbcLXy0=","eY8pc3IwLkQoOb7vEeEeGiSICw42ODKjKkddHXmljOg=","UpxJXNPMWK1tfl1Bs2ldj0p8gjGMPM9KdmEpAmo/OtU=","VCnOCSqoz8yTKiZUppMjEyLkyYEWdyLFAm5lJ5dLakw=","rTmW/qVZ4be5ymzylcfkofksJDsP0aZa0CiZ0pKg0AY=","Mw677EauOLWbOxSjEQKiRCHX6IcRV/gXK4zAd1GM8vQ=","W1XR4gWCdrIbvcxgIKtwNNuz0vTJHrYxPGtarCXxufQ=","NMLCmOcJs/3tyqj5uumFWLOThkKLFWoW0ZxeeJG4cgI=","61wfYxsIF1JQnA/ISbQrN/y/F3zmBilGDMfLBSMpmPs=","A0HYDICX/hb+04S0/zSC4WKSiRRSLBdfeYrnfCijBs4=","8PGxy5XBzsE43VOsdrWKh/6Lm9ohTAKVqtr0T0pBHWM=","LTY27IuwrieS1silUJPZhM1GI1QsCuPHgrkb8hFamC0=","pbQceriZWwy8cmHyK7SWcB4vTuR9FtOUreSmXuKPnRs=","hw3Wez888AVS8P014MdVvsdBlTBBnNe2E6qTBAlB7rA=","adf4a4O9JAjMQ4ypZDSSfjn6MKFOByg2g/R+fPZHkXI=","jNsqmUZRx4Fk1f94bVOMrUfQrQXX/ajBrxhSgwBFr7Y=","UXJ0qeU2ZtbO+vS0kWIqjYNw0gE7iY3DFxyUQ7cMSbo=","+6N7j5EKNFBOzQrqR+HnqjXXWz4Z78Y7auxeRaEoW2M=","uNoCEhuuLhLGXNx+kYOCzCfzpYZyW3N3xDJFr5pX7I4=","zHMv6mtfo5HME0ZxIcrHLg2SQlkdQ94zQbjAIuVOh4g=","vcqHp5qwlCIHpVn2P27iht/c0V+ShT+Q1CKERpgeuIk=","lNNCrhP4gMB7Bx0JofDMwAMvMj8sAyhwR3QomK6ZLE4=","7eazJPqUnk2hemAMjKZtNYSQ0UOR1UBsit/6x5Ki7d8=","lzqTpQQKbwxDeBvITWZCzBGrjfgATU5rqdaGdco4Ft0=","eelkif3Ai0wGlc3N4Geqem4autJZXh27nUNdGYbFtDU=","VxWwF39VypWLsCEGpaVFQWlZ7wELeotWWDcBu0g//xs=","VkDlZ40D7GwbVOwLmERvplr5ZhfuwciFPNbk02nmT+E=","TDgqTzoY5R09panBCDNh1kPYro/MP6rDgtOBTgf8LrE=","b7flk8Qkh0mxso36fiL14k+BfqfYzsYpKwHdgSyTASM=","T/fD2L9Ftz/mZ29CZzvIm81Z4ED6ZIkj/Q85g5jpXRM=","nR2Rbg28aJ1hH7VG9kNNhSlKlllfik1Fn7NtXrnJ6BE=","/+vhCrf5fsvxbaLFDR/AxFp37OkaVJ8bmeWtpjHlnhI=","OO3vMyh1ejHVK9i7aQNqaV2uNW013c18rJcG+RFVGCk=","N13vhECD5CjwF6T8yXnZ8Eu3zg17LXvV57PfKcSsqBQ=","kvHJehq0H5f5ETffuFt93kYFQUaqkHDzcuJYqX+yMHk=","ZUo6PycBYUjWFiMSwPbGUHtgty4jO709j5b8Aov8nI4=","cP8MEC9lRs84itfMgQlwT7tmZlqRjQopHh7BKXAxA+A=","9Y4bq355pffwakyDuL5gCxufVb281yN9W//z9iKwT/g=","/KXkOtWDeOhYt+gl3+yvm8uShWob07zmPULT4HMUkzo=","6nPuiNJxYtFw+qC8bWal6ioDrpoDi5XRBaQVJgyWiKs=","VcW7CbJsu9cSVkiMNTrgQYM13b0qzyIYPqSKPyY758o=","alZQmf+ieqoPo0JHyVDCzIyydqmFNop5MKrjPHQGC9c=","A6f5wFxwbGjX/x2QT8DUl4Zu88ekxrPVA60knwFcgRk=","hcXqLUU6UUJQIib/tFTMsDKFrFTgJB6E+84+RlQmQgg=","hNsB2hFC46g5wQSdupa8v32gC6AB+X+nYpK40yPMYvA=","xw3UKfdTvYtWaFXMPDBXTrdDRhQ1qhApD3v5B6SAvS8=","FvtbUIUz/Gafns3TClvDENGoML/xpSWT3moSSHJgi4U=","rsVMEymubKWonkMXIG0wZhvw0QbEjkGjIWgIDZicszk=","q2tHIBkc9Lv/vEprNU/f0zFEC9K1hJtDLF375jIIOtg=","rsusKdRGCXagW1QaIQknKx9OgvvDULqU9jqzw2iiqDE=","Ank4LdTYM4W1s1rxBOppTy1p1+tjhzWbeWu4scAFZ0c=","4R2shRmZYN8Rjua1phQ4CIsXrRh16rXnJyiNuP080go=","U5UuuMuylUeCif4Z+WD69JOUVEdlyifEdTl+unOiFBw=","tG7MEslEvPsWzRldXky7oM4uOfgbDxLUrF+042YSDiU=","5jqgg+LgEuk6ebzzYtbrbntRdOyXZJc/loxCAXnWhWI=","Mt0pWq0599FUcu0cjpW62JXZUnxl368a5xiEVre4gns=","kqZnk5gDW3Qkk7dL8HNqinnKDHZc7kDrDl4HD4KKpBQ=","0qRDdHubcePUKDOSs+Wv0qpKpf7gnWWHvReTBDGxHtk=","+eaaIuNhzC6V4v+sXXwAaUZTd1j0lZ5fL+nmgsmuweE=","wFO9O314JH66HYCAhTUooB6ZHJDIWDcMYVqhGsg/uTs=","h4pvINY1WAt2aTMt7L/7aYbcGxKnCj6t89l92WxP/rM=","BORyowH8DBzPxwLaCq5h/ITxvnmAGdactRdGKPm7CKk=","ncFPKmZXcR7PImWoojz7LnKaf3UMeY5kXpn5zPxkXwY=","ALYgFIVvGt7wwq4Og53WLqEsgja3e1BjOsdWkN4ORIY=","sLOmdvU9impEkHoAV2BOEU8ukv8yN0N6dyfmPn7P33k=","VW1gTB3qenqoIhAZCCyIxkVa6/BsT/Bsur6n30dYHrg=","5/vsHqy8T3BuCECyBVbzeORBybjRhYGRqGCO0qDynZk=","jltiXDURI5VmD8H+gKSOnMKn9kRLDmdt0cSzKvOtRCs=","MrAsUTPMKhG6YV4v6ORX+OGoHdcY031kSMROzWXAtig=","SIgm59USVVubVAKr6qBu3zCzUhRCGIB9RrgRyFdrSk4=","eEs9Fbhb+rdEDs1y88XtMBJwN6paBswYKam9RTLXg58=","lZEoB4Rtt0sAlaG/Pkr03wH1xA0P8zb4b8QTxC6s/7c=","yT5/d3klXicC7rzB7GeEk50gf9heAnTwOUVbE7EzII4=","cKClVTXRhe5Z0nhyEQWOhCgzOtyJ+mivlsDn5iNfdmQ=","ZbwealFhGVE85OwfsO4E39ze/HJbDSVnesf5i4XRB7E=","SnfewsvUHB+FFlVVctsnkFM8TCuP1JuqQ3PFcI9M9Xg=","LWVR6OLJgvN+0zXR7irqzM2WGgIEqH3qRHheSzTr/hE=","IIHJUff2kxmIxiJxAANzKJVdK2O3sjcw/HnIk1yFn6E=","UAX5Em0v4d+Uw/9yTmtXXMeEk5Yd+jevjp06mgzpVKA=","6aPiOqnalJOoS7kuCQG1QEnvW0AWFyAc90RTm1eoMwU=","echRiuto0GbY00aHQR23N6t0rRjdZtP57fdiisORHLg=","7kACaE9aVPAq3MXApuikhR91wWu/aPpyXT4hX9eaG2Y=","8WKjRyYnalmRDejApI/v0kJSTkxn5ltIglOQc4RirGw=","oFRmRTMzkaQgcGIAQifqEgD12zxONIvp7QfmJZO3it8=","Wc1qytf+fhMp31UduBNs8Uau9HdyDb9t2S9TGQz3TF0=","T2ZRWsSJ8MUnSL2jxJTjWjBXUJxWkjXV1XtW+dzc6Jg=","YgDV5XnPEv7BjGasou6WaNn64bLkW53JTDyUyjFwyds=","BJRRkkMClOI/VP4xj+lF4Gl+OB1Rprs/ABizO7WSgQ4=","/fsQ/H6iNf/5dFdnDJgmuoIRxruiMcxsWrYz/9egNQk=","9gSeiqWK4bCrVO43RGiraauUxbENMu/htvmJ8JOlQfs=","7qEX5PZxhBkFJeGCNDWEiTaAWC9LpgUNfFGoEqjGKP8=","FUGZfEhgsrLODBe/eoSkWcWsbOZUMXzf/ZWZtBEe2ds=","AL/XEZTdsImWrCp/HeNcqQjtDdpX/r0+NF7qYHOW3Yo=","2+rKSl70jfaFX6c5Kmb1yvDsv6itBFnJlc0nLS3nF70=","TUNGm0CoTneJ8+mHPejbFj/HmX7FCmEVsRYIPi5st38=","hoswp/kJMw9HESOXg32+k8GOPrC07dsJX9GvTxYtqFk=","iQHlnk1tyKjxXZ4ZMNZif2GwSKSS/bH4mRElcHzjC9M=","nssVTWQgB0jT6a0p6TRPDR3H7JtkKBBMHYOLzD1u70o=","vPuA7/TTfFmcrrmK87eIzXAEEWuyUmR/xs+bDsblKug=","qYzLqmILFTgP7e3EDZP5dHRRLYB6IN7j5hIk9TjAAHE=","VYQf0rEuxhk252ybgcpsOrvfn1nekb8SVUtTOGteIYo=","hQ4z2sFVJQVJrSsOCKRRgu3mqd33JiSQUqhgDXKU164=","7S5fahgM5i7MR1i5knYG+4pP+zyi3+cZpByE13/rWuk=","MBjkqWmRrD/vGxBZneTR7nPK5OeabPcJC0PhnxUCQr4=","r+bb9LIUuVHASp2x+kDyzqM6oGBJ9rcUDWrFniQRx/Q=","UGVuDnbxxXcjv9cEd4KivjSNtEMvBwflFsBVeqtrIf4=","/EJtR+f0Y46OrjUGHLcMYFZr86LVXCyu0BgwfQYa0d0=","sB4ZJiJs3p3/6zX89QRaeER80dhmDVTmguII9O8z3Pk=","zVHjGulpM8DzQUueOPnSb/ygrZY9/Br152D1uit+M1M=","8JpGqfbx9mAwkq1HzrrGfeAgWr6KEhHLaI7WqpBD6mE=","URkMEjAir34I4kKO/WmM/Evu6+dfDQBd77RkHneoosQ=","O+nfR7IIGdgIpxjh4NvSASfTZPQVAfcI0Mdod8JIHOM=","PN7OOzuZjuGS5eQGdW+/Nr5lAxoxDarKrQrBEd5hLrA=","GaP/6tBXZXVWKESQ5VN86W7rDM7eZwMxZrwrNqwNguE=","mllsbp2VHjCubfibfKhoGpgtq49tEiBXNZV/BSgdnXs=","cxjfLNJ7xRf+LPJvQfxbqClOzJdFAVo+0UymiyfA8YU=","RYRR2NWUo/T1PUfXhfREf5BrRZf41IRt88im0LnkxFY=","o6SJ3ml1Ob4KBkM//fBdOIiiLCJTr7xJvUmXA6Pa0Cs=","wipjy5wP9SQRlNiTG/jv9qp50Ys18S1eF+ilpQnHclw=","x/RSXkycnw7AfDa1gAfSrs5YdfPKwCKuZRDzmeaktyM=","DcTccstIyecxlxwu4NUT4/TXHMu7wmsDOilBIDJ+9PA=","xWWCVI3vqx/3Ui87HXTQX0WOwj7YwCb2pWsMvomGIOQ=","4lcNcn4TEPNokOYjd1M7Mh8jS4ypBbSrK5WfnCW7Ol4=","0nVmQFcUfL/BRbiEmOjYcKphgnXOBGPAlT/+r/xQMhw=","TMWdgulRNX+tSHZhxXl/jA6THWKXg6e0C2rF8qht0+k=","bd/UcvMhqMqlmoUXQ3p+iRNKijWGHjMdUmC9iyje6L4=","m/W0pR2ajt1qsOqU+ob7UbPbzE7+lhdlU/Aw4Ell1A0=","dR94gsRdSug38jp1Ch5z1OwiC5HLIANATlRFeyk+1iw=","eTqubQInn883WqtnoyKzavu9yzHYbASd9lG7TPOR/Ck=","VUdb2GftMldY/q6K3HWEy3r8zcNeGP3faJM36JTNYLE=","SlIn2fJC/h7+2UshtFvBj6UnfgQ3ToGDjzxM/eI7gKo=","xNE8ujBGXscdum634nyuqHXqpVm2r/d95O3R1mIHsX8=","852/BUTQPMv1pOpQjprFFcKXJ9w7RQNhx8CWeF8ekQo=","16IN6jovcI69Yt1otj+FBZcqDUp+Ey7bHiEX23BLgBk=","e8rZ/9SwBmyEER1lh8v7AmfOLjx76ZWC9Dd/wVEePgs=","UVbzyPFHi9ZvSfobr10stgONyUWaRs8ku/nedTQiz+c=","8dWXcBUF7Jq0/4KmjBCRC6UFJ8HGezaddPjW+143N6Y=","AiFI+8wkiuK34W7FjlET/lT1CdSdbCC4ECp6/UbkURI=","o+kpVNEr/2U/Do+2CMSW8q8DTk4KaL39HsU6k27bDOY=","fss6QAtyPSwBJ4Nm7cnTBW7osbzHKc5WUIPdYRaO+pk=","xZXjNsXyNpwvu31T5N/FQV1Jn4B4Zs24iUeCvBwSYyY=","P7VGzxFGMsqs0qGzc/7r4K3dLuYYmVOiACp1P6Gaqbk=","Mq2FMN9vjXoHVdRvJiFgJsEhCHr8sUq4HO2JUVA0Er4=","pAI9fl8Fmtl3nZcziDeXqvY2n/m2P+O/3PTQm/bvLmA=","Kb7zoGNxoAvwxKJ7yMZTI9YhL/f0fGipsVBGjWmwI5I=","9vJQ8bmY7mr4H2L+FjoiwCeH04lh9+CY2mxB0QvoBJY=","REov27D0JKwhFuGzp5zQ73OjF6B2VvzBe7orDpWSxf0=","8s8dpyzgbkT5lMVKzhHYtlU8Ou5CtwD2L6unNnecMVk=","7i/61VbHDpfR4R3SYkz1qbHKeE8boEw27i2Uyd+4N6o=","YhcBm9eQNAcvstPU2uhWvi5kb/5lzD2BTw0Huc+YHJc=","jCUNfaGE8rncuyw49vHJDtGQssHB+0yr2lzFu9rhZtk=","M1SrQSoPI3TTRPIqDM79jJk1WpQLMDmfVe8zxjWDiEk=","S3UJax5qXsCuTVGo//MFT2ELeDVhwALUTqBOH5jX4xQ=","Ht2Z4rTIrKNNvtk3+oz/K0MoPtoI5q6I1WdJ0KU27Hk=","zWnYL3s6jrydfwLnICKGrxJydddKFAnV+Bewgt8jJ9w=","KO2sbAXqrTpAJsQ48Azyqbp40KcxqYF5QdmCzmFwS9w=","rk6sFxcwc4G3octhG8C/czMPYmUeun5DGsvzYFqf29s=","JbYPMwXsUTWd/6VO3zHw3dGl+laYrgLstL1g4Sf/FCU=","Ttl5bqeD90a5A3s+w5pT0XeBlgJD9GuXZW+u00hcnn8=","BcVb7ZLvAkue7oVXej1bdFEOA+95XpRrxT2XkFTgG9A=","/th4STAc3RdL7fC+1yhnbieieY/1f6kZqC4Mox7Icsw=","cfEO7/ZyVuJje+anRRvsHLGx92II3oHmNYqRHJDG2+0=","d5ldmHPHtiHvAaPax/1O4oD9mUK1XjW/JDO+Vdk29g8=","tT8LQUsObKI3AgYSj0ZjT9kqt6Z8mFlHFAtHiCmFb4A=","iVixhNVO8J9QtmZV5Cn3DGUs/V7X0ziofG2sDIPfji8=","zA0U52obXR3MRR120Amiac8XIkph3tubgrljaXa6uKs=","2Ji5Uh+o5JXRbXhM11K+D5a0IrsGUPFKrxPte2nRl7g=","dbJ8EJpq/ZFLruydCFeBxze1D3PnPsATH25XlUkBzqI=","JcMKrsbPRNGGgDEyCFGpGySuKCIH0gUDlLf6jLNg/kA=","XK8zpKhS2zKpzwlagjlo43vPm5RYd7nf6g01fPv1dnM=","R3/HJZmv1AEvFoN2sGDqhhx0iWTuQabCPS1qigLsEmA=","xLPTSRGrqbgZlazYpzrmYwjqCRNSlFegJOFX9iwuww8=","fYo365UptIPDRvg4JZ+MQjXHN4BretOdu9iLzePRCGU=","bZVYagpRXfsOpJ2ivpxeDLpzFPZzQFERsyi5tYW89hw=","0ceUqaA/5ImrH6AtHPwT0UAvkWN4zHqnVGBYbK4two4=","1nhPx6eZTaZ7WeNQ4glQ5MB3I7kUR0/daEfzk7XCTWE=","k0rtvxphrTIUkJk2k2Cvs9UqUWKw5XmCXOXh9pRUd7Q=","TdBhSq1/+cCcB+efJqEqkdV5+0ltbgrnoA4saI50IoM=","9z5vCJduwyXOhbKjyYwHIW+WWxEPgMGq7xTasa50jVw=","cBiA7nPKtTRDibGNOsvlq/46Mkya9hB8HDhL7gzQSs0=","Iq4bWJNNDs/FcB+YUk1BVJzAfT5ksxsha0aEy2xQ4Rw=","24/wFMbkgHj7RwuxsKhYd8AdOn8BRk0511ToipyooJY=","VH4wG/7UfRM4tmkakjEkttBEvgy8rPowy7WQbvmlrmA=","j6Yj5ujL6noz5aB+Uh69Gsv0HFfX+fj1dTHoKWpnTpY=","aAUxJRo6tGfLmHfI9S+xj+GeW5n+i+xo35WwBDQlQVE=","JMJidms84x5YDWwoptnpC9VM/34/h7zHKVgRSShF+Bs=","0rPPjipghz8NlgWP9HnGbYnb/ar3yupFGOpvYsH2BHE=","tl/xxAlmBwF5SbArm87ib20GmJDoKh5/dBdyw2WrS0M=","ohe5173v6P01/xoeUaVTNwImJuyNLDlEXQtArStIhzg=","o0EMeX1Uo0LvA7B0CsNT/M9RZTO7+igaB1/+RQXD4fs="],"block_size":4096,"path":"build/parseHookNames.chunk.js"},{"block_hashes":["NkTnAo++vE5RGcrntrZG6UDEi9mJ6uy06VA2lZYXEek=","GNyuhE30Vc+v9abrQyue2slGiCfPomrOSFMIHTL2Q1Q=","dmFy4kil+giwHeoS+g84NdwLM6n33NmE/dF2H2CHyrs=","fuTLthkKkn1YDEBG+U9e3XN2ju+v2QLBNorwZ/8czC8=","IJuHB1GQX+q1iywWlPX3kUz3kWwG/NV9FIb+xE2q4tc=","6DaZvANGNPjpX/5FChIHNQ2Aj6USRSN0xKn4k3BKcSw=","QFBelMHuO9hmc3Y8uhl5NMtmbLQYF3SsmiUFgYQzEd8=","HnM/wRA7qstuQTjFvwasmK6QBsJ1lpssP6d0ftGOSIM=","+m3VrMD6taYIHUblxBigW0Jlb4HBNSo0hrl4AHfupRk=","FJRTVARXPometRdVjHtAiDzjm6rFl/2Q3nFx4xKs6GY=","p4xlQqjZj/KPllHJRAj/1UqhyD0JEtZpOKuF3RX6Z5M=","kXy5MsGbcLRWNBtKySFB7INlKmAY1gBNCF4jCGaRqUQ=","Y2bHJVXpdkOw4sMERtudgjbEYFFbg14WbheXppO0Ojk=","Q0d/rFZeIZ6I5vaD7eqZZgY3NFn7xJn1tE4sS3GptyY=","yDU9MFKOH+rtED5yJD8Wk+WyrGXN6Iio+HSPFidhArA=","Vn1qppJGpuMmX1X/1fNYkL0FBXf2rBXxBstXcL5/8PI=","SLwIRCnLK8sQ4+t9oM4yWAm5Y41I/V1KIb5Vqm/Toig=","xe/JKc53ugfJr7muWB3heWwufBYlm0UW3bLqMvR82Tw=","ZxGm4TKhAqFU6rjQE3OJqlv2Zbi7wlZNm+h4fKvU18M=","BH/8JgSwd8JDHKhlP+DXfs/qjWDyHffprzhVUF9WU/c=","TtlNQhp8hIztwvHohuOHR9u3MwLELRUROFyA7FCkxUg=","XdK8aAhhWptWmhLcGTePwxDjhOZvGYBJIG03ZXmQ7Gs=","DnmLUyl78eMMt2Q3GyqpIICEUoG0q/BglM8CihPOiQk=","a8GiOxfNPZBRz449C2LiD8utm7jZgS82wcN7511olGI=","3r7SAhqFlJY96VD2vFwLJzPwnkf2tlvKme7hKMLHU60=","8LHjJCssvRnaI/yz5pNyLinW18K+aoQBkOmOPqIXM9Q=","vear7yYO7cbVZzflyqh89Vw29iyNh87L3Kd5rS/KzLY=","YzwTxgct+O3pYqiVAG5b2IQCdrJCTDM8ZTNK7LNmw+g=","ydApz/owsdfYIZPZiFRzBnnSt1BFkJJpePQ9OLzo1OE=","GYJLLJzT19EYLspYdd1yUh99dWWZIMQS5j5N05LpL+w=","P637W1hZ0HJqF/HD2ShhqlSauoJXpOWyX1GeBhqhGLE=","RAPSomAbxoxtE2CYiHM9cAp/mzK8+LnbYUxze+YyMSc=","bjGxer1ZJkz15I0r8z6Y4RhATNdvYUtyM/QywMu/FDQ=","+qebuHVURKRRDWVkaBk8HJta+FqP2D28SdMGiDfZm+0=","TqAsvegjMtwyfU38w0jDdXBqivpnKmyj3YBkN8npV4A=","SK1IT2aXAnb48NNkbFA9jaV2eX1bsdJUrLHMWaLxlGA=","SbZBmpJiB68W5Nn9/KMmBgaywTQMEh0p4d3VvOcx2RY=","quhgb6emw/lt+1Wkf3vGqXLFddTTU+3XnnKmDS9axsk=","aIkwzIOTOJVxC99ooHsYsQ9EVhBc2im/jbcsFYe1z+E=","CZmkN62URLQj5dgrvW+Q5P/nUXAByBYlPp0IJwB8N9A=","nWmNgZhV6XREQASdviEeiwlAQqwf40z4G4RFk9tk9vU=","1ACi+vgCoOpIK7pdbIMLiSKlIHnIOmCgJhuFhU2k4xI=","Ve0B7SEO3y/PBN8wHmMepeppjVpaVViNZ8dISLhLwqs=","RH8LFbIhC7A3hR+42Tr1BZPlF+zICw+eK5j4ApCov9k=","Vh7uUrzUSH1+W6KD6WDI3jJWQK6osnNZu3eAvxQ+D88=","yNI5Qu1ePEH7S1sajD+UOrUzUnVrM7poB8wsZCzAyJQ=","HPXG6mr0gDirFrCbOnD2+PDAEff5rgLn3stuVOO1Zhc=","cV3IiX0kDPmapBsmxYyEJrb/CJjZIZAOTq54J529y90=","Wg9pf0Gq1aRTJW5MZLZmgmKZZ/EYpmlMc0fMBZ1y8Bc=","LOR9XogYg3Yt1rYfy+ApcJcFCJbP73creCGvPVomycE=","qfWiC4MlbmIddBn3Fc/YgBLUnQZkMz7X2Ywv0D8DYa8=","TG6bY+smhajYIfAqV2TEovjrdqFSLQeD9XFsh/eGugs=","2bEqCTB9b6F0hOUUHVNjAdiy8eduiH/bsEErilBQhy8=","idDZmzoC1lo5eUSGnE8QyZhxOmnyHdVnwR2vfAay9DA=","hMwcAoZRo6s34CKOBAT3P3gpGHqUXz8oHBVmQA/rcUY=","TruJWzKE0/N3bqMzgfTIyxBBHdejnUGFcw5RgbtjVCo=","vOBU/075m3/iAVpC//2V+YM1btZcLMcu6W00vx+A5Qg=","UK91FPTaL9f8qepphRkP5uYSJRHeIeQd0vekqsqewg0=","mpSXYycyqD6ZXOdFbhOKhhiMkaYjgKW4j8MF7tdD+ec=","MnTWiyV+8Ygn2GDLBQQbtbXksmUIuy1ubuWNp3XVzC0=","9B80QI76CnyqCds4Bg/nqtq+2CZZATAufNbOGNwXTqI=","p41kPDqoLJKQJ7qKx9vKi9PErs5OZ6Rn1PUWEnvPgiA=","WK4NSTHRocUFIaXd0JVyUOWyYaDfVbnfoy7Kz2YPJws=","Q5VTh6RAWOUzpuVCYFPTBLzDo2sXogSS4xEDwBa0TLw=","/aHMtrpNxuR7E7HZ9rwXIbPL8+lNAEVtHPOGHCIlVeE=","mEqgpqsZEXlkOW4y1J53OuSdPWz1lgYw9LJcw801Q9c=","wHMRRSB0vy2dHrZ4g+ZVGgg3w5Czsz73Xir7dqhrSMw=","MJ8Owu5NxC9H5qgZhZVERPlWU77x6A974vIpdDxIbfY=","zAK2Jkp/OhAZmW2o0uO/de1jnEj7xqC6ICMi47Bdbs0=","um4SVri/UfL6B6QrwjQSgencKuqX5iKfBzSLSLj1M0g=","mzUrc7Ff55MDWO5+Rmlj6pgpIQ73BMiQU2v9zKMjisM=","CZVC5Bh0q2qW9jgo1Emx1+bf5l3Ssxzp4MEKOk2TaKk=","Hf+9IScIyVttjDtCRKjFn1L0tzgpQupo0M+q5iBTW2U=","9LX90TNxm/0KuDowmLNGH+/warsKH06xUlDuIpnyr/U=","sfm5LhgmihRvPC921vbtoTaRlbFEDVOPA6oglAe1w40=","mlmm0UVItiorFMr/Uz0ICY1oPL5uDGLvg31G3t0y3LQ=","OG9IsbjM6dc6JaRl7Ru8qFpkBpbm94FJJv05vJQLe3c=","U7FhH03Lad28zUVnCrOjZtCPNWUFA9OtXwNsEwIWNAc=","kgaVtMsx4z5HRCMB1oobrY8g5bUkuD38EqHoz6S4zEA=","LYWgjGI5SuQmlLRjd/9tedDUaYFCYn4t2F2o39qik6Y=","2m2LkvlzPlmb7zg6gfpkrHeUseEOcaugJBBkqjeyBx8=","IIVB+k3Q38sCPcXqtuhiJYkqZM22wWtQpCos8tXVaDg=","K8LV4sqqGawaXGRY/MpbB/eD2cwXRykLooGSt36ev6Y=","EztSwhUqt+oQeybnGczFWxPLdIwrdjyOI9i/+zRyRYg=","CQr7T4Kt89tlUSIhb8FDjZAWRsUtPYO8unVPeZOa2AA=","CpS7gKglxu6HnFbJibclX31DxUxsMy3V/1BMltjqlI8=","zCDL6VPrb6U1CQ0oMtgRZIxY4cu/+f9JzP5WTJqlURk=","6s957VVj7Cr0qREX80p1wqfZrtkjMkj4/+TCdxXsXLE=","8g0cGFnPQ6/wlF1PxSKPtYSrTYj9364WN2MbHbOkql0=","pNYEhVXHARuy2vGBQmwCt+L5Cr7jIsoxiKzYdv+uAgE=","gizIo1khdwmBXp9yxJUyCxyO3259N4wOVFMQ4T1n2V0=","nGD9WOrz+ynFPMmIbyRTpKIXc6cceqoiTeWrQvzqm18=","hhcuvOZ4eKIbm5OYzq08ONLMxZ+wy5vZmfwd0874PAw=","2toyFVaiJGIMpXlJR2pmEwn4gLcHFEMPYgosT0yB7hQ=","QxTpUBhWMSz+yMuuHrKhL21bUpePp6ieQ5DB0L3GFOA=","3+IxQ1A9+RbB56/z82jmGnRSiz5DoAcS/hFPd9yf9lc=","11yfqXRK4u3oypTRZ9TBWW93svv0kO0JC6j23yPsOjY=","2C5Q3or54YWA1l08XbiUQdP7UipY5ypHL9WqtAyNvSM=","LyRnmenDx8J4OlvKyjEP302WQPCF1zkcj5Ut1x2iZ9Y=","z8CWCLhy2x8mYbmDSqfjBrFsDalObpvK74KJEaXqGjo=","05R2jauBSPK7g3GJ9cT58XRdszKHlnxOs9tLf70ylLA=","pQqmPzdymTDtxbKkZyJIB5JSr0oWMrd8gX7xzg9LJak=","O+eSGq60mynrfxpWprnVdGzNBOszMa1f7xml2nocAuA=","7YR+EHHDReRwGBKjDCcOAQoUC3bcQx0LPu0J1QHe5RM=","0Kp1Em569NnGVlfLpNU+cQ/Uvh6LQBBC5PaYiisDlic=","pvaN+yWxTT4yg85h0xaYyK2IQfn7mmV0G78Bh7JFRgs=","0BnywDKmtXouURsvt7C2nJV5el1EDnORKCeMVAVuEcQ=","uaRFY1AUlGSSHWK6iZRkK5RIkZ8g0yU3jPTWAIIl+F0=","eW0lgMfr6eYzZxil4lpn7Ws5zrTxEulskXlBqBbhQfw=","aBdUG0e8987Vi4S+fyIyMNfJL6il4g2aFnA4VxJwmrA=","7nO30NaV/NPyhkfkTe04K95prTp7uBtgLBx4Vt3Jb4k=","S0wd3bZ5n/eDJc3mo46w+RDYCtSAbk8XFsbN6Lb5AJI=","ERCt2ckiybgG3114zqB72ceyIvRwQYy1KvGeHHTeaBo=","+Irc3nX38FhjUOYWC3ydqgFaWveAtdidwdqlpJZSn6g=","J6OHir19bc0cv0xuHBndfvXkD5NFBGeui29NEKU5MQA=","OQU9EndTDjDo6eeGRBai3TIqEzQBfYyvzDEHTbSZgTI=","crRVlQUM5ZbZmjcFiBBqEKBf4bnb9tdHedL3f2esY8U=","hSoxsoWchK0aDRMmh1VoVt4/+4GoJ/ERXVEuUgBlDZc=","qez2uMliJ+jC+ApZkSXIa6l1JM3i+ulmyfblxMZTUHU=","hAYSvodWJeHwEFRDc+2Y+AggGXN53MB2R1A6ZvWVQH4=","O3XMpfD586YM350a3R4UkDzq3fMOEKXzyW9FtjdFmkU=","XS6abNwgds51byTg+3W39ARmOTHTsGwNhxmgD4/e8oI=","47L8N6g3AKiUn4TI4TV3+W9P5MWIsacK44KyUfJjlWc=","rF9y/pMrFeoQf5faPC3WseQneHik06/ZYsnghxErspU=","xbWIdeq4RpcNqP+rUbRwYiZQZw97/ISqDgfZvne4gwQ=","M7orBTDSMI+frh1Kv+Qj/mwzHj1WAtDaLCiMRjIFb80=","TzFqYMbmQLEkKY+0+jBxTHB51OJp2yuB3g5b0GUFBLI=","CA2ErROy1tKtSCY/gy5XMY78EzlsOMJI2dg9SYnuc+s=","iaX3jCDsGC8h2HDVkPo2fq9EKlKS73PzouqycKfqpns=","kSuaavIMXRlOud+7Mc3UbYizUI0DyM+dtqkS/dV2P5g=","qp2TgIxutggGZv5NncJsnu5bfqyon3foXs2jWXVz5fQ=","9ZxX3t1/a/PunfZb19liXGlFYTS36RRGHy/VqCvx+UI=","5abTNsCh6Gaq2DJqJga7UNGPDbaDXo/CrATRiD476c8=","ja8njSqpMSB0vb71N/nGqpCWSpplYEobyg7GSHNnsJg=","4eSOg6k0aEJwc6UcMmzJkVPHlL/qDJf8Ci/+4NUU1No=","QHM/ABbmhSWDxgVAPOz7t9MxA81pBJj0rwtl4MGoWWI=","WRL1GSs1VcE0Cw9S/P/RxdClTgaHpVVTD6ggnWlkVuU=","xouiyj6Y1nGU2fe3vdhXkFX1GqxHqpEMOcD/K+9B3Jw=","VA2vsdZovsBFgSxnxZaxH8zjAel1DJBo6NScO7/OZF0=","BjOOwwIlM4T4nJshR6pWxzs95dU4+q6nRR6CO5GEqSo=","ud3L5HfNzSIqhqZMJToVnJZjiI6AUIZvFpy5PVkK+AU=","xawDFKWOYpNFMknyCX9qAoJfrA3T72voNR+GjYPbb4c=","19SR9rZRT/4tNmfTFZ6f4swxfMPUjKo4nSMKJjCnnUY=","V5CMuw6gQOoffQ8NbFLwjS0pYXTdII3w4KRO1yy/9jQ=","RgaJQQUrXkxc2Qktpq5CQap2WGHc6u7x8lgJyZc83oI=","xSmpbDZ/oM5H9B2CiWavSK7g1oroMb5XxkNX6DdUhsI=","sz7jfvk+qObXJTuHZlDDEv31/GGWgBd36Rz8ASduQJc=","KNZt3accAMst6Ey5lpxXlqJmgHaW4fRyDGIT6Yk7jvU=","isr1f+2eSPrmosMZolv/NEsx0QpNjVmgeXwr02Aziz4=","rB/OfEZy8vAiuDAvtBsVopar7Pqax5nzJqXtgKn82+4=","EwstInMgNNEy3hVZIpavNRCrSdYpRFoJXmD6zOs947Q=","EdSJa0u7ote5jb7jChOM2wkYDCW6vAY519GZn9lMmbE=","1amyVAqmG+PouZR6lgkJhHchwTabHZ3cMfvyw7G2m/Y=","/kx5ToQRN8TfukCPAuvl4uiCoU6iIHyyXvYWdnI5Cr8=","g332S6xHDLDm3ZFJluD64OU5KrnVVpLw3BU8N26Z8lg=","kBclKZzQfj5nUUDILqkR8PH9iXY7PdTCsWBj7+JWnmE=","nlWk1PYbtATr2Wy9cwqUhUQDN6t11gqSTGGnare3NU0=","h8bztF7sMLYdV0KEb7bz1yeF0wyPOuO1qQ9VWNbLfwA=","tVWa+fvNtL0BIvAXUWpny0+WgYVtTzBCJ52DZqM+D54=","zfcjm3Ok52pn/0ofHra3OXXsitRR5AUWMwcTYZqNO/U=","CnITd8Pd69NVo/2adDmjAtRL2MQ/Mv+L8k/5JjVru6Y=","EbC4u1uXejiiZJLuuKuteWmAYaw9x2WOtLd/zrfjbiY=","v+ilZUBcpdLb/rigcvz6CpnbnJpEEx3CyXfyEFdtiOw=","4OsVbON7EZOnJQF5sy7NKMlZAFMN1wxbBdz9kkj91yI=","WqHDlWzsjI2lq34QciEiZbErmgVYGiABIEbrk8bd2ko=","aNPyJJr5J89vW+TYDHsncqbLg/YNsRtsNzhMR+0GHCs=","kAl1FGUdzEBATx0HvBZMv9ZTwXvcSOrOCCXHEvgP+50=","01gh6SJTaRDA9OwaOmrSGhIuodwccdMCWiu4nPuFt9U=","ylMwmPnpAcCEfy2Kc0PRP9orMZzBbjTxhm63OiYEDv0=","+S09T6j2u1E87KbhfIZQg47l124FtdQXidmDBBezAkE=","hKRLqD36/Vu8xdX0FWOyLYbQ2gZKzcwA4Kfxz3d3Zys=","CkgpGf2oTkKlFDisEdwUeBNNX0khz3/T7KHZXc+UTXU=","9ocgSYgpFnjip6JkxfsaGeQegV7jgfgIlUAImoh3YUw=","OCbGi90HkhWeA1Mel4CPWR8f60+7eLCrwzVxTRiFazo=","JkARiujIsZDbReSY5aQKGfVujY40Za6lvhsL/xrirwI=","nkE7XDd9Q3Abymznud0DjsWFba7YnP/1yUIn+o0jpMM=","Nqh2nNMPj6tvxp+r17aSqIZR40ew12jlIpx1W6Fu7wQ=","ON/L10BjYy46gZEBAntd0nsU5mJquWP8JbfuNaK5QV0=","9Xfjs0MoyjxiCi4suyA7T/z7+ZsQVWFz6woeG1wIhao=","e3gtqUfL57b5DICTGik/mrIyuGy0CmYsybw4M/NNTrE=","offMYy9fe8jW2N360puIo61UMPeyY0alEvhT2569ctg=","Ahh8KAzRllonAobf2xdw5nMWSXX50GhXTZPbjhMyePw=","PGkt0AayVu926qK9ShXoZDdd7P31G8H3gG458206mWQ=","uQbTPdGf8L1OpKu54DLJF5svy06aisQHU3vIdZtdl2E=","q4EXx4nnvghqZxv74keIzwL4XA0xaiiCFZQ0oNqY/oM=","Mpgr0NVHXUdd99Uw0jPLKUoMZ/h8z0taDl57eOrHYyw=","Jky2tNFFAVlsCK05VT12lAnAelruR55HLIivFaZBqVM=","7V8xT1F3xBvjuGAVb8J/VuKsSKQS6tg66Jwc+ZWMPbM=","5XXC93KCDB+wvRGORLVzE4qRv30VAV/E9xWA5Ta3PQ8=","A/05OpS5wlshvfO6TD3Cb/tr7kuLsa66KbNk52OlkPk=","Mu2749fqKOPqaZxZKn1bUW/mcI9hvR+L7e/OqsG7zRc=","ZPqUPmgb/2j7KbwbZ4Jo13QCRPAf+PtZcF0ZNZupVIc=","Mm3oO50lR32x4o7+LaGyuIf0PeWwxySgHm+oQrmD960=","wIEAHNNHQstSxcSdbWWv0NenHIYjMTl7gThNHrO4YVA=","1EGK+tQpRAf7pdsfGslPF5P0GAaFuqDK0AHXNjGyBcQ=","bUYnHGeY4nvXBRP2MwhS31xectnXMgBkH1OfJS/pmXw=","llRYwLi1Afodka0g5ngBj5l9zSff2i3/7o4ymOk7Kgc=","8jomQtfVVrCwa9ZeyoQYRzjjLZ75NK7X7+wUEmHA/0w=","eLaUrNhTgmDVHdvZF5p5Ob0s2eVymtSZMUI8ZijRe78=","ltFtPQRAmkEYmdELNSytjdcpu+DUujYc8S927T2o4+M=","l5PcpcwPxbXPTgr7zpdomkppR5qm+40bpwl/723CSiM=","fOP6w2jXSCKT0Ldn7xqnThOCGenmMyXZy/EH5pWg/6Y=","AtGUUnLFU2Yf6hHq36q1lRw4dupE6wjSu8Gn7ajo5yQ=","5hMjldx8KDHfHgIhsIVTq68bY2e5JT28bJ5cybv5foo=","Sy+gEuGTf6J8PRyShGpLw51xwHtVjMlk1iumCF5bThI=","y/mblw1nzOf0Gis8AqdrVYRaDPEd9ZIrnCj+gAYhoGo=","s3vX8WNAtQG11r7I4Dqg+a6ln6wFs6ry/JcRqGoofno=","J24xcMAb4Pi2/l33owzzw7uuUgUfp1lRavIp5fU3QNQ=","Rmzm9MHCdvNXjBubn2Lj/knad5dqcLLOqlux7KhU4Lc=","az59l9v/1YU1/mY5KZMnktwNC1UXNzpGMUaNWG0p5fw=","kROrLuXMZ10PQZBDWHAjx/9EpkpBdNoP3TEooUtnQek=","aOAQWBZLaVNLpGfOGcgxXaxrUBa0b4LI7MZYxKNbdls=","lR+UzC0bIr9Q3bkQZjr+ghlJxS8rgwM4Zk8vFiZO9s8=","4OyPsJUnFeSjDHcKWi+WOA5c6xCap89oEMkKGGYLRVU=","BAtZXXnqmnoSbDF/1hvoPCZJEJLb/McKfV64thkeQvQ=","j2NG0gSaEiwzXCMkMOX1xcM6giiY51A74WOe0wMtL/Y=","DLx9X4wD9bTWRXi1YpDRn45YmZF8iZ4bSTzlGuD/Vfw=","MjLxf+Zdf+9PaTeaYIIL6MAozhawEIx1QTspgWIhmpU=","ZnOqxp5Dtr8z9hwdeC0KAkhBWkGwuUM5yQJPR6cbPVk=","DCE7FlkGCu+8YDe+g+Baz3fRxk1Owop2bb7QJ13adsw=","LfXTwFXjwE4+sWq8zu/0ZHX6gBSmIvX8KQZNvyJOB2g=","x07xc+OMYYwTogTyjVymR4RPw+eAGQ/jHaSw6LyxhhE=","hRvzuRqgxyL4PslPM6/ZkHrAB2Is1dwKZYrsmhhpifo=","iMKoHK6DIlQjbsAp7SInBrQTDSdVBObS0wJg4GfewSE=","4KzZWEVGyPAygUPNiqf38W9NWnFdKFvI3RzHhCmgCQw=","t7eyUmh5WwTxfPw70Q5P69EnVAP6wd1QohbOIhNyijQ=","mjL3O/gKMxNa4/1J6j+aFDB7W0G5Te1Q2+5nbEi610U=","uMUYkt22BvhGswoMHwX0rBKGRTFjF9blPBb+oZMlAWk=","5rnerBzE/IM6IO1nNlPEtkHM5pcr/Yrmxx0/iWCVNF0=","16AxMDPTfIp4mtsMsloX5kIe92iAmFXukaB399unoT4=","RWIaNs90ftZrOCMi0YlQ2CCUEhz3LUJbP93bbHfBPXI=","GEjnG5FQrEPGSNBGTHK4TekTyucplCjfzQxLPNiUsj8=","h4pb40deT8TWAagrUc7XWJLG/gaWFJVCMeSENmrxaTw=","uceS99ee3RksIn4F0McOG5GUGpzpr12H5njuigsVajI=","amOYHmQMRX6h6oS6ZZJokuoy6HYhMeFCp5wVNv1qGWA=","6ic4HE7nLetAm5nxlEBZvcmnDfAY1oCGoVpdqVV+qQU=","XyHPn92g5+chUXg8yYcP7ZAUEF0+Fob3p1vhkswrjaQ=","kt2cfRhyB3Q2PCgM4cqIV8wWmHFrdNTuRbgPh7rdNX4=","vx78KWc/yA6rWXxH1/RY/5A+iyY2VPg5CJauTymcHYc=","f7bG1e9EWdMKQUV3dZryvCpQ/PCM2FmYjgu1fo6Xgug=","ZTaP7hLCQdCnKiHOdEqViBHW3xIRmK37gd7JJQEri6E=","OfN7xcW/M1ITtTj13L1KTb25F9Z8XhabQfFlkNU8WMk=","p03HFROq/nTJLu7OnciDEPTdbNpkmIwpIfZYPG0bW+M=","SqFoOOYkyKo68xmFXk643Gr+B5a/47HBCd0UsMUavB0=","KF3Y4Nc0mv2qCwgBvKk19RrqQjAnL6TQNx+fbNH+XbQ=","2e1PpypTj5KX7YVdCM9auiKn935tTOlysRci3eyS7TM=","sDnw1NLEK04q1T1TRRNCcGQRtaBy1emKNGqj0M7lOX8=","jI2fPOSvs6LovDYcU//4b/4/xjIVLwZnn5dak38r76o=","6oHKsprtPAw/cDEJUuQQMjI7psdikeYaulPhIXQwjmY=","hWigDcx4DXgJlJDw+c5sJ5ebPmu8aDEO6a/PdyS0eYY=","8zXNxhyfvgrt065bhEkOSxtA37fzaY16fXpavj8mwuQ=","WLcsgROgMqxHUz52t32sOrIqIfz5r17rmnDqHFhxFsI=","WZ0c2QZr+FLL2izS2bm/sgAIBsWDVDjjLOFVW+cX0Pg=","RO3wmUf37WeAgyireR9p8Ii8uhUmovq9Ic8UNwtkT5Y=","n2QQ87IOUDh6rBwAlgiA5i8skE4y8qg7hCc7zL8x+nw=","A65BwdlaymYIRQwjwcLVd26oePG1+KWhn25xWbTX0Eg=","G9OazmzW8YfWjGjVBiFAQw/GzrVp1G6592wMFeGeEdI=","bicCG7tXn/yQjZ/J+RdzHh8zZsgGK+TzT8XjV0DalB8=","qke4plRXUJgzqXSzRijygc/NBFcFCmczhIlTizKyh+w=","j2ZcGGc9vPBAAA0DolBuKi1bCOF5z2QV2hnynJUv+1E=","Oi9AUFO+wBAc0PhbeFZrAp1mvFx5CSCGemlsCWADAcc=","klBvngJCQ0mzGC1GY19CzdragzbNRqQQnPtGQwJqmas=","hPendOMHxTkDqfQDvSTBXQuvZb3vm39y0yIiHQ8nfLU=","qqzf1A22iLMtxdtkd+ODV35Hk2begHSu2k2vFVIoCx4=","wVPLjmHIPDCVMFBB6BC0Ur8/Y78RjgwrPmxB69OOD7w=","xMevC3CO0MARE5v92DoXfuiA/KKxY9SHV1NFNbE+o3A=","YSOh5gI6hWa22BJrT12Vrp5O128WWw+BT/lCOgnYfX0=","w0JO5WknGvC2HafGhZCBRq6E3GliVFbtiS5EQVwEPSs=","mIG7noyHq1Odjr3xS3B1UAPVGp4e0qwVzCSBZgLh3Ok=","fAxtkq3j5NQhA7JvjMTPjMdzIdv0GNY5bNsfFHMRL8g=","H0hrqxVp2uZNcRXSHAWlo+BJwFLg+IJrCBejMa2XfvI=","JT5BLjK1prUJYOGl43JAVVSs7ZPWJj3f8h/iki5Jy3Y=","XSl7dFfVnpOeq6E9/KIkuazU/YM30GjoUSvs67+Q0Pk=","eF1V4II4TQhHbbYdvM2+Bf5bZIVzdFjplZIzFtarL60=","H+ophgKb2bUotwXkuMzpY96Ksw3gCmuTnOqk7AIOiXk=","rBRpbc7WYDPIJlhJcJ/StXMR9x6z/qAoWKkliVrfsFc=","1pGQy7a4L5DmElUZzKutC57h3cokIxaEBc+r0sVbZzY="],"block_size":4096,"path":"build/parseSourceAndMetadata.worker.worker.js"},{"block_hashes":["BAdl8j8KWH/jYfmC1QbIiWvfMAO+yhjkcRgNXfA2Ts4="],"block_size":4096,"path":"build/prepareInjection.js"},{"block_hashes":["Xc2OUHrRljgkkcLQcWrYpTjEHAcfEdQmt+DD51mpILg="],"block_size":4096,"path":"build/proxy.js"},{"block_hashes":["rozSsnjwoU6fgQWwYraRXvLxYJG0Bw1zZ7IXc5tHJxo=","HR4/Zb1Y7q74b8u27RSffKrTmVyI0InT8uyIwYHWxiU=","hol/Vrlvij4glVBBWnwdd0tV/BdRF95NgF+Fdd2cspo=","uvzP9WzoGPmp+7YzNI+um81uSbj0ute8XOe+uipRg4g=","1bWikdGmiK9DQfkZZZBqu2JO+KVvhgynykN6TyDviNg=","Esn3OL9g0heUmGIOjaZ2ov16NMJt/4Srp1AQutlPLvs=","cwkYHMCoUQ6PaHN5F7oUCMKF+l0Fkneqnbnys51UN48=","8y8N1ynzHekxelFwicOguOhimWNGP7ZcwlBQRzPu6ms=","y9+oWL9YEXbLEefBf+i975zZF68GOnZeYWgmADnPvNs=","+DZJUa7XgYUCLUp6c1hZ76b2HWajvWNx/UDaqUp3cX4=","DmQIVB2kzH7mET90qAnzeTdJcY9M1REQU54jUzIFG4Y=","iAWCphC7ccW8TZonVijh7gIKPAq+TRBWrYiQaSfq9Kc=","LiMUAK4NaZ0UsfLgMhOrG5WkIfnriz0k3qin5Z5RvTI=","Opy57a3asmQY5DMjf/IDOptDlqY3uJdaX+h+cc1tlak=","H6Z0XrioCwIojFUziRbRGovO0asHGjwoaukOL1nH/rk=","jAf1BoaueCFja91dmlGVEi+PIx1n7jUOfjbBWYiijn8=","azwxycm10MgCLg9+hpqaSC9DpCLB9bICnNe9MhAK6e8=","SofvH2M5OAlDWluhe9va3+f+by/6/QRG0kpJGxUF6TY=","HBOMNVQfT4d3tBS9EV0laNrEjvsbSHcJE8GixkXl7UE=","YQaAz9/S+QvzNS0qbrd6W2HElkMGyT2Vcr9gotM1/9o=","smnPzRJ4BxXaQehuhihkNWT1UuDSlbJv4NucpWTn2bM=","7DRqh6EBnMTTJs/+z1Hf6BPk5qqyxZ0Tf0LEZk9mUU8=","nI2kgJ6Q3aguX9MurufJy589huoTnWbHr40ssUWbd/o=","u70tSrCfaXZAa5V8c4rElaZ36CJVU2os+EGP1utqJyM=","Kn/7BqO9jUWhrPGZ1XOXBKSDx6lLqucE3zYvvS9gpCI=","Sm88HWN3hO+gCTbgTqne/LRFWbGt0oCbAjvu3oeHToM=","LAaoBRqUv5GOi2Fwl4mso5WJNin5e5LDkerWmzKQhdE=","XGni8KjXefr47OGZNmLOuCEoLlPLars2wFPTHBL8yU0=","1Cnb/ug5mchQAlZGH3EA8BfDatgIyqblJ2QkzjwdTiU=","HmG7uCqFSiRDlhHpczkLy8SakmgWIS5hE3h6HYiAnVw=","HKyC26RMdzH7rfbbgvzBnG5uLp2dQbX6yM85Uqg0cXQ=","lfgkFWKBzZao0fBmngWEIYfUfeW8+7LIZuqbaN5vQno=","/cphmQfEZZBRaNtY+kjvx3vHDgOhVGrraO9BrN14UtE=","Kfi1KBzHEQnz7mTyfqY58zwH1gqsIA1Y0sdCplNITP0=","+84Xd9x0Ra6ugy5D0I0m6uGadpCZVCD4+BnEa8j3I2Q=","zELciuggsB5wCdfZ3zTBQUmxHPZFjvlr9QL0ZneBVsQ=","D8b54nXJBey+44YLcHw3uZbHAjFEUNdBeQtIe8bTTLo=","l/hw/Q9p4t1zM+40MY9eymi547Xo7naf4ND/HqYgFGM=","f5jxD5YErEvznhJrspESa4BkVhX832ai3E+WQcMB/eU=","gdvX/Pau3cB6rY/S+f6bMoAqQCDD0gmXzlWqJrZNDYI=","y3whdl6e3z/WCW3f5Fn3pScPzDvxpnR9L3EN8y112gw=","xaWXtGzYZz7Uj8qo0yBkA/7KvZYXjks9P0X+fDB8P88=","TwRIW446MsdfAWI2C4pVAG8DObeCxUvd8//BF2GqeLc=","haPcX6SVAOkpLh/vJJXB7QDFl0dq2tq+9khv65msVYc="],"block_size":4096,"path":"build/react_devtools_backend_compact.js"},{"block_hashes":["XffFpZMC0Dmigb6PnoxTfcQVMgRNoAuanifronlLwo0=","LFW9KCm0Eb9r8kMCGg5V6P3iCWyN+s/gM0lXEkEgUIg=","s23GKgnR9q0DYZGxIMGThNPA+dBopvLKIYgboHCp7Tk=","RovlSSQ1c8pn9syYoZG719JAAVkVhretDjNVEsaNlbk=","c6B4+ixkPLiWpGN3vKFFRNg8COfWuk3SBYNPpXPPBys=","tc8a/PnMP1fmZy54zHcDIZZLVXX66qiIUppRGNjTywE=","bQ1nKTWlLO8RhYNZQiSieRDnk8EJRu0yWnX16a1iklo=","p3e6TJWrDx98kQ52zlsiGVTi0pFfsYcj0+AdWTdwitU=","h/PRBQ09nbqeL0eLpvsyp1KSxh1afcjodBeTR5ZPfHc=","h9E4TcIJCwxM5i3Kr9mLGoXoaFkJSUQS1No6eVY0zE8=","EodbgiPcXutc/CoMCK6+MEA8G3ImB6/XSZJKkqBxHZo=","dKgE8AifLvRPt5VcdFsa/RRdnuFpB12vkXYaB5fc74Q=","92/OnMvDkAMurPGDKJMC6UntnAWdFlCEhBdrIg0IQ40=","A8hqP6sbUoVUcucegjZF7umPmBHk3RsbUDboW4/+7FI=","kj0jPV6kL7boI5y2VZF6vYaLvmoDZzT1QRO8cYyxV9M=","Uqb4iZMI2qZg3FSYgwMnEf4BG5YKb7G3RuWvUToFmnw=","/CtDrlXAtQc8twkCu3fhQ03bJStVK/ddEzKyOD5ZQzU=","1DRBJ9YzNx8DS/Bfqis3nY4U6wadOhcGcDe3Ytp8Y14=","9/cQ7xKURJeFnm7feE5SQvRzOIjkFAi9VDShiSRE3pc=","p/QD3AwCLHP/wOfZ2SVtCHJwE2hvDGj3Uci6lRE+j/k=","LN+DzWAZqtnZmH6QNgRvZZ77xjY//RdY/OEiGn5Wbuc=","iGz4gUjegK0USpKUYRpfQlKcZc5hxHp0ClDnqbsaQaY=","/nOy9PSH3pbFPdqJ9Ty2J3gkVwkRu6AEV+YJchMJuLY=","TbZr9N/sBIXb8g4anL+cgm9EnVVhKx5AwsBQtUO3amQ=","rcayp1S3pI7yjtabR/H05jt95kxvuHQrNmP/DqwT0oo=","FPn4EamQPxDhsUBVOYGfHg8Qgzo6DPLIlzK8j2NUFAc=","c8EazZ3fn4rp0USe/UUXwyW9WwvG3JRFF0OLl6FwRD4=","53nE3oEl8e0Jy9W/bfWKwAVm3Fnc3HkG1jsWOshKwPA=","xtLuhTHo35Pi4crRGvF6apct3KOX7b7L/5qu2/D1PCI=","o2j6vlg9gf3WVKIwtDdwFnKSOw3KoVXh1OUgEPV8/OY=","OBHB9f+h8HlqlHevAoQhpB2HStaCLmHdH3o5Ex6zmfg=","jpTGbAHF6Gr4kKR75e8BAhr4fuZoiUBRLs7RPhZQP08=","7TIqafQ07yMvRWwUIAQCbRIfUx5+dsj4iHaftl4Mwoc=","hxefbC9cPmNJBZxhu+qhOH6Eps22ernv3p4uaLeDS70=","6OaBB1Jt4LI2nQFue5wbyF6aWo0BxtxK+nWIfKtg0l8=","vL3DXV11CbW7kd60tDlhv/jAN6yNhkcKNjdUKtrxMJQ=","thiyLijYCO4qwKPy9oOqA6f0J5Go5q7KjOk0AeVSD5c=","xw9ApApk4dlrX4NvLN3Hm1ab3y/DxOh+dzmmUmwxy0g=","9LfLsDsBXSKrgYrjc9QTrr1xDaALXdUYrXgAIT85gxU=","uzXUC4KVz/Fd7P0Qi2UtIKf0qhe3wLqdapp4gDkJBGI=","eJ5NcqGd1j6jQa991vbBt2QbkKuSNWeUW4VSkWl5ge0="],"block_size":4096,"path":"build/react_devtools_backend_compact.js.map"},{"block_hashes":["4+TOVJYEZSpqVzVQ80s5lJktfXC/05v2n8MM/Xabdfg="],"block_size":4096,"path":"icons/128-deadcode.png"},{"block_hashes":["4+TOVJYEZSpqVzVQ80s5lJktfXC/05v2n8MM/Xabdfg="],"block_size":4096,"path":"icons/128-development.png"},{"block_hashes":["7K+tc6MW3eY4kf033X9+6fmXb59bUvGyZbkKIPgaNeA="],"block_size":4096,"path":"icons/128-outdated.png"},{"block_hashes":["y94rlzYkrXhfN1I+/sypchgTNU8qfiHs0wVWCswTjAY="],"block_size":4096,"path":"icons/128-restricted.png"},{"block_hashes":["4+TOVJYEZSpqVzVQ80s5lJktfXC/05v2n8MM/Xabdfg="],"block_size":4096,"path":"icons/128-unminified.png"},{"block_hashes":["cFkCwA3Fz0rIXZ6sUSoXsuC7Qn3JjLLMjxkyKpVgAHY="],"block_size":4096,"path":"icons/16-deadcode.png"},{"block_hashes":["cFkCwA3Fz0rIXZ6sUSoXsuC7Qn3JjLLMjxkyKpVgAHY="],"block_size":4096,"path":"icons/16-development.png"},{"block_hashes":["DIZporR8pUF+A+SOjPykGAZQp/wyYhir7Z9/39hGgNs="],"block_size":4096,"path":"icons/16-outdated.png"},{"block_hashes":["Ex6f8kfo6SVzURKbIDcJ2KiiVIj3FZtJjWYbqFEO/X4="],"block_size":4096,"path":"icons/16-restricted.png"},{"block_hashes":["cFkCwA3Fz0rIXZ6sUSoXsuC7Qn3JjLLMjxkyKpVgAHY="],"block_size":4096,"path":"icons/16-unminified.png"},{"block_hashes":["U7QpyRQUvuP+JVMoAp7/UT8XL//EH9Y9laqttpfOcaU="],"block_size":4096,"path":"icons/32-deadcode.png"},{"block_hashes":["U7QpyRQUvuP+JVMoAp7/UT8XL//EH9Y9laqttpfOcaU="],"block_size":4096,"path":"icons/32-development.png"},{"block_hashes":["MiBq2ZWd9Kp5D5Rkm3PGlydphleYwB8OvalVGjNkiAg="],"block_size":4096,"path":"icons/32-outdated.png"},{"block_hashes":["EUHfac8dGYXEn3lbZay6V+TSOZ5v9Quz5r3AtxDyeAQ="],"block_size":4096,"path":"icons/32-restricted.png"},{"block_hashes":["U7QpyRQUvuP+JVMoAp7/UT8XL//EH9Y9laqttpfOcaU="],"block_size":4096,"path":"icons/32-unminified.png"},{"block_hashes":["VGwCYKtaA8MHXpJ4lWAZIUu2Qz3iZsb5W3AhwBFQcOI="],"block_size":4096,"path":"icons/48-deadcode.png"},{"block_hashes":["VGwCYKtaA8MHXpJ4lWAZIUu2Qz3iZsb5W3AhwBFQcOI="],"block_size":4096,"path":"icons/48-development.png"},{"block_hashes":["1Gy4Tf3XabpP8GUTyrhsjjXdO1xITNoLrUvwFottOlA="],"block_size":4096,"path":"icons/48-outdated.png"},{"block_hashes":["Dd/yFREj4CLgB+CVdqawMMOAIdD//HVG8MmhuFKYE+I="],"block_size":4096,"path":"icons/48-restricted.png"},{"block_hashes":["VGwCYKtaA8MHXpJ4lWAZIUu2Qz3iZsb5W3AhwBFQcOI="],"block_size":4096,"path":"icons/48-unminified.png"},{"block_hashes":["rMZnMyVDzUkQl7KB/TW9Sb9DV2jUyyq49Xl0AHJ1YxM="],"block_size":4096,"path":"icons/deadcode.svg"},{"block_hashes":["rMZnMyVDzUkQl7KB/TW9Sb9DV2jUyyq49Xl0AHJ1YxM="],"block_size":4096,"path":"icons/development.svg"},{"block_hashes":["J5MQwt/ocfP2qHXvPVz7iSLTf67rnBJ+wxKu6+HFHNM="],"block_size":4096,"path":"icons/disabled.svg"},{"block_hashes":["193k33vjSLNB1NgMqH4i+R76axGyy+UmUTSIbhZvSJI="],"block_size":4096,"path":"icons/outdated.svg"},{"block_hashes":["EPxpqHAOHG9pQKG1rXzTIfcvq/jMF1SLQGx5oTdbaP8="],"block_size":4096,"path":"icons/production.svg"},{"block_hashes":["J5MQwt/ocfP2qHXvPVz7iSLTf67rnBJ+wxKu6+HFHNM="],"block_size":4096,"path":"icons/restricted.svg"},{"block_hashes":["s79DjXDmvx7mgrHVMrjhwrg4Y7IF2wbnQLDruCKhTYM="],"block_size":4096,"path":"main.html"},{"block_hashes":["S06nv2+56atDrfIZpa0+qiXN3ELqrA/jvkt5Qxw19lA="],"block_size":4096,"path":"panel.html"},{"block_hashes":["aRZLv2a5+t3+dP3SN+oWRQIJpIoOj7+ObR5tajF/YZ0="],"block_size":4096,"path":"popups/deadcode.html"},{"block_hashes":["dlZ5ajWAp8HCj6VXlOpkAhlHyFrrhXVyDZjTwJkikDE="],"block_size":4096,"path":"popups/development.html"},{"block_hashes":["gg5WTBEgzTKszCrL2w3smrNJVpEf/7pypM53cfxI/Uw="],"block_size":4096,"path":"popups/disabled.html"},{"block_hashes":["ZXrhBSzGALVF2Up4BNGiwQ1jNpzkXfIM88SDVzZqwHc="],"block_size":4096,"path":"popups/outdated.html"},{"block_hashes":["QFaMamssrmNNY0Wfk5Y8Oh61CPlvKite7EVkObOkpVI="],"block_size":4096,"path":"popups/production.html"},{"block_hashes":["9vPVPwXoVyO2hby5xPbdXsAlIJZEP4VRXdflo6CNyT4="],"block_size":4096,"path":"popups/restricted.html"},{"block_hashes":["mTY8h5u/dYe2svSwZ9N3EWofNG8CeEadlqYl7Xj51Cw="],"block_size":4096,"path":"popups/shared.css"},{"block_hashes":["4Abn9cgCDvm+PwdZ00yc9RTRi/4/E3Ep7x2vy5Ad4ko="],"block_size":4096,"path":"popups/shared.js"},{"block_hashes":["U81VVO+hypIRp4QRTMMsqIvTNj4yuYy7UtsaKY/Hi1s="],"block_size":4096,"path":"popups/unminified.html"}],"version":2}